,date,day_of_week,meta_data_available,meta_spend_usd,meta_impressions,meta_reach_reported,meta_link_clicks,meta_results_reported,meta_leads,meta_active_campaigns,meta_campaign_names,meta_result_types,meta_cpm_usd,meta_cpc_usd,meta_ctr_percent,google_data_available,google_values_are_estimated_from_weekly,google_ads_cost_usd_estimated,google_ads_impressions_estimated,google_ads_clicks_estimated,google_ads_avg_cpc_usd,google_ads_ctr_percent_estimated,google_source_week,blogger_campaign_count,blogger_spend_afn,blogger_views_reach,blogger_follower_base,blogger_names,blogger_content_types,total_ad_spend_usd,total_ad_spend_afn,blogger_effect_active_campaigns,blogger_effect_names,movie_af_data_available,movie_af_campaign_name,movie_af_views,orders_total,successful_orders,cancelled_orders,first_orders_count,repeat_orders_count,average_order_value,average_order_item_count,gross_order_value,total_discount_amount,orders_with_discount,online_payment_orders,herat_order_count,kabul_order_count,average_online_order_value,average_offline_order_value,avg_order_food_value_lag1,avg_order_food_value_lag7_avg,avg_item_price_lag1,avg_item_price_lag7_avg,avg_distinct_dishes_per_order_lag1,avg_distinct_dishes_per_order_lag7_avg,discount_usage_rate_lag1,discount_usage_rate_lag7_avg,avg_discount_amount_lag1,avg_discount_amount_lag7_avg,avg_delivery_fee_lag1,avg_delivery_fee_lag7_avg,delivery_share_lag1,delivery_share_lag7_avg,online_payment_share_lag1,online_payment_share_lag7_avg,new_users,new_active_restaurants,rating_sum_that_day,commission_sum_that_day,featured_that_day,count_that_day,new_available_dishes,new_featured_dishes,event_bookings,cumulative_users,cumulative_active_restaurants,cumulative_restaurant_count,cumulative_rating_sum,cumulative_commission_sum,cumulative_featured_restaurants,avg_restaurant_rating,avg_commission_rate,cumulative_available_dishes,cumulative_featured_dishes,day_of_week_num,is_weekend,spend_lag_1,spend_lag_7_avg,meta_impressions_lag1,meta_impressions_lag7_avg,meta_link_clicks_lag1,meta_link_clicks_lag7_avg,meta_ctr_percent_lag1,meta_ctr_percent_lag7_avg,meta_cpm_usd_lag1,meta_cpm_usd_lag7_avg,meta_cpc_usd_lag1,meta_cpc_usd_lag7_avg,meta_results_reported_lag1,meta_results_reported_lag7_avg,google_ads_impressions_estimated_lag1,google_ads_impressions_estimated_lag7_avg,google_ads_clicks_estimated_lag1,google_ads_clicks_estimated_lag7_avg,google_ads_ctr_percent_estimated_lag1,google_ads_ctr_percent_estimated_lag7_avg,blogger_views_reach_lag1,blogger_views_reach_lag7_avg
0,2026-01-28,Wednesday,1.0,3.5,21687.0,14108.0,270.0,66.0,0.0,1.0,App Install,Mobile app installs,0.1614,0.013,1.245,0.0,0.0,0.0,0.0,0.0,0.0,0.0,,0.0,0.0,0,0.0,,,3.5,0.0,0,,0,,0,8.0,5.0,3.0,5.0,3.0,257.625,2.5,2188.0,127.0,3.0,0.0,8.0,0.0,0.0,257.625,1095.0,396.5352504638219,1006.875,274.5151772830344,1.5,1.5845701917130488,0.5,0.1122448979591836,47.5,19.823902288188005,0.0,2.9794372294372296,1.0,0.8826530612244898,0.0,0.0,51,1.0,5.0,10.0,0.0,1.0,37.0,0.0,0.0,51,1.0,1.0,5.0,10.0,0.0,5.0,10.0,37.0,0.0,2,0,0.0,0.0,0.0,0.0,0.0,0.0,0.0,0.0,0.0,0.0,0.0,0.0,0.0,0.0,0.0,0.0,0.0,0.0,0.0,0.0,0.0,0.0
1,2026-01-29,Thursday,1.0,7.37,37476.0,24507.0,902.0,73.0,0.0,2.0,App Install | Order,Mobile app installs,0.1967,0.0082,2.4069,0.0,0.0,0.0,0.0,0.0,0.0,0.0,,0.0,0.0,0,0.0,,,7.37,0.0,0,,0,,0,9.0,5.0,4.0,5.0,4.0,508.3333333333333,3.2222222222222223,4816.0,241.0,3.0,0.0,9.0,0.0,0.0,508.3333333333333,266.25,394.311224489796,109.0625,278.1821145124717,1.5,1.5391156462585034,0.375,0.1658163265306122,15.875,18.42942176870748,7.25,3.6904761904761902,0.75,0.8469387755102041,0.0,0.0,43,0.0,0.0,0.0,0.0,0.0,0.0,0.0,0.0,94,1.0,1.0,5.0,10.0,0.0,5.0,10.0,37.0,0.0,3,0,3.5,0.0,21687.0,0.0,270.0,0.0,1.245,0.0,0.1614,0.0,0.013,0.0,66.0,0.0,0.0,0.0,0.0,0.0,0.0,0.0,0.0,0.0
2,2026-01-30,Friday,1.0,9.7,39643.0,23809.0,4218.0,49.0,0.0,2.0,App Install | Order,Mobile app installs,0.2447,0.0023,10.64,0.0,0.0,0.0,0.0,0.0,0.0,0.0,,0.0,0.0,0,0.0,,,9.7,0.0,0,,0,,0,0.0,0.0,0.0,0.0,0.0,0.0,0.0,0.0,0.0,0.0,0.0,0.0,0.0,0.0,0.0,0.0,0.0,0.0,0.0,0.0,0.0,0.0,0.0,0.0,0.0,0.0,0.0,0.0,0.0,0.0,0.0,31,0.0,0.0,0.0,0.0,0.0,6.0,0.0,0.0,125,1.0,1.0,5.0,10.0,0.0,5.0,10.0,43.0,0.0,4,1,7.37,0.0,37476.0,0.0,902.0,0.0,2.4069,0.0,0.1967,0.0,0.0082,0.0,73.0,0.0,0.0,0.0,0.0,0.0,0.0,0.0,0.0,0.0
3,2026-01-31,Saturday,1.0,4.91,10113.0,5241.0,4584.0,6.0,0.0,2.0,App Install | Order,Mobile app installs,0.4855,0.0011,45.3278,0.0,0.0,0.0,0.0,0.0,0.0,0.0,,0.0,0.0,0,0.0,,,4.91,0.0,0,,0,,0,7.0,5.0,2.0,3.0,4.0,386.1428571428572,2.0,2767.0,64.0,3.0,0.0,7.0,0.0,0.0,386.1428571428572,526.6666666666666,402.406462585034,270.8333333333333,287.46386054421765,1.4444444444444444,1.4359410430839004,0.3333333333333333,0.2134353741496598,26.77777777777778,17.802437641723355,8.444444444444445,4.706349206349207,1.0,0.8469387755102041,0.0,0.0,16,1.0,1.8,12.0,0.0,1.0,33.0,2.0,0.0,141,2.0,2.0,6.8,22.0,0.0,3.4,11.0,76.0,2.0,5,1,9.7,0.0,39643.0,0.0,4218.0,0.0,10.64,0.0,0.2447,0.0,0.0023,0.0,49.0,0.0,0.0,0.0,0.0,0.0,0.0,0.0,0.0,0.0
4,2026-02-01,Sunday,0.0,0.0,0.0,0.0,0.0,0.0,0.0,0.0,,,0.0,0.0,0.0,0.0,0.0,0.0,0.0,0.0,0.0,0.0,,0.0,0.0,0,0.0,,,0.0,0.0,0,,0,,0,5.0,4.0,1.0,2.0,3.0,245.6,1.6,1228.0,0.0,0.0,0.0,5.0,0.0,0.0,245.6,354.2857142857143,418.7329931972789,174.76190476190476,291.88562925170066,1.7142857142857142,1.4767573696145126,0.4285714285714285,0.2746598639455782,9.142857142857142,16.965702947845806,41.0,10.42063492063492,1.0,0.8877551020408164,0.0,0.0,28,0.0,0.0,0.0,0.0,0.0,0.0,0.0,0.0,169,2.0,2.0,6.8,22.0,0.0,3.4,11.0,76.0,2.0,6,0,4.91,0.0,10113.0,0.0,4584.0,0.0,45.3278,0.0,0.4855,0.0,0.0011,0.0,6.0,0.0,0.0,0.0,0.0,0.0,0.0,0.0,0.0,0.0
5,2026-02-02,Monday,1.0,4.9,35707.0,27470.0,470.0,470.0,0.0,1.0,Competition compaign,Link clicks,0.1372,0.0104,1.3163,0.0,0.0,0.0,0.0,0.0,0.0,0.0,,0.0,0.0,0,0.0,,,4.9,0.0,0,,0,,0,43.0,39.0,4.0,20.0,23.0,738.8837209302326,6.162790697674419,32005.0,233.0,7.0,0.0,43.0,0.0,0.0,738.8837209302326,224.0,413.59013605442175,170.66666666666666,294.9570578231292,1.6,1.4553287981859413,0.0,0.2746598639455782,0.0,16.787131519274375,21.6,13.506349206349208,1.0,0.9234693877551022,0.0,0.0,24,0.0,0.0,0.0,0.0,0.0,0.0,0.0,0.0,193,2.0,2.0,6.8,22.0,0.0,3.4,11.0,76.0,2.0,0,0,0.0,0.0,0.0,0.0,0.0,0.0,0.0,0.0,0.0,0.0,0.0,0.0,0.0,0.0,0.0,0.0,0.0,0.0,0.0,0.0,0.0,0.0
6,2026-02-03,Tuesday,1.0,5.94,73198.0,49097.0,1142.0,1142.0,0.0,1.0,Competition compaign,Link clicks,0.0811,0.0052,1.5602,0.0,0.0,0.0,0.0,0.0,0.0,0.0,,0.0,0.0,0,0.0,,,5.94,0.0,0,,0,,0,33.0,26.0,7.0,18.0,15.0,429.09090909090907,3.272727272727273,14684.0,524.0,10.0,0.0,33.0,0.0,0.0,429.09090909090907,740.9302325581396,488.3658835627274,130.6813537675607,282.5543940756379,4.604651162790698,1.9702789642988976,0.1627906976744186,0.2979156778990666,5.418604651162791,16.489789326583345,3.372093023255814,13.666648209671465,0.813953488372093,0.8968913146654012,0.0,0.0,47,0.0,0.0,0.0,0.0,0.0,2.0,1.0,0.0,240,2.0,2.0,6.8,22.0,0.0,3.4,11.0,78.0,3.0,1,0,4.9,0.0,35707.0,0.0,470.0,0.0,1.3163,0.0,0.1372,0.0,0.0104,0.0,470.0,0.0,0.0,0.0,0.0,0.0,0.0,0.0,0.0,0.0
7,2026-02-04,Wednesday,1.0,6.97,45791.0,27768.0,814.0,814.0,0.0,1.0,Competition compaign,Link clicks,0.1522,0.0086,1.7776,0.0,0.0,0.0,0.0,0.0,0.0,0.0,,0.0,0.0,0,0.0,,,6.97,0.0,0,,0,,0,19.0,10.0,9.0,7.0,12.0,297.57894736842104,2.263157894736842,5910.0,256.0,6.0,0.0,19.0,0.0,0.0,297.57894736842104,443.4848484848485,521.5167802850527,150.156290174472,287.5767212434196,2.090909090909091,2.0648986303471357,0.303030303030303,0.3003893946584976,15.87878787878788,17.227575350083658,1.4848484848484849,11.878769421792676,1.0,0.9377076411960134,0.0,0.0,18,1.0,4.4,10.0,0.0,1.0,12.0,3.0,0.0,258,3.0,3.0,11.2,32.0,0.0,3.733333333333333,10.666666666666666,90.0,6.0,2,0,5.94,5.188571428571429,73198.0,31117.714285714286,1142.0,1655.142857142857,1.5602,8.928028571428571,0.0811,0.1866571428571428,0.0052,0.0057428571428571,1142.0,258.0,0.0,0.0,0.0,0.0,0.0,0.0,0.0,0.0
8,2026-02-05,Thursday,1.0,7.53,38603.0,22718.0,864.0,864.0,0.0,2.0,Competition compaign | New Traffic Campaign,Link clicks,0.1951,0.0087,2.2382,0.0,0.0,0.0,0.0,0.0,0.0,0.0,,0.0,0.0,0,0.0,,,7.53,0.0,0,,0,,0,12.0,9.0,3.0,4.0,8.0,342.1666666666667,2.75,4125.0,19.0,2.0,0.0,12.0,0.0,0.0,342.1666666666667,311.05263157894734,409.5242990820452,148.9348370927318,165.0138408280956,1.631578947368421,2.0836956228283383,0.3157894736842105,0.2740736051848134,13.473684210526317,12.36667309444456,0.0,11.878769421792676,1.0,0.9377076411960132,0.0,0.0,26,0.0,0.0,0.0,0.0,0.0,0.0,0.0,0.0,284,3.0,3.0,11.2,32.0,0.0,3.733333333333333,10.666666666666666,90.0,6.0,3,0,6.97,5.684285714285714,45791.0,34561.142857142855,814.0,1732.857142857143,1.7776,9.004114285714286,0.1522,0.1853428571428571,0.0086,0.0051142857142857,814.0,364.8571428571428,0.0,0.0,0.0,0.0,0.0,0.0,0.0,0.0
9,2026-02-06,Friday,1.0,15.29,37354.0,20203.0,802.0,802.0,0.0,2.0,Competition compaign | New Traffic Campaign,Link clicks,0.4093,0.0191,2.147,0.0,0.0,0.0,0.0,0.0,0.0,0.0,,0.0,0.0,0,0.0,,,15.29,0.0,0,,0,,0,9.0,4.0,5.0,7.0,2.0,429.3333333333333,1.2222222222222223,3927.0,63.0,3.0,0.0,9.0,0.0,0.0,429.3333333333333,343.75,420.5957276534738,136.70138888888889,168.96225352650828,2.6666666666666665,2.250362289495005,0.1666666666666666,0.2443117004229087,1.5833333333333333,10.325006427777891,0.0,10.84305513607839,0.8333333333333334,0.9496124031007752,0.0,0.0,30,0.0,0.0,0.0,0.0,0.0,0.0,0.0,0.0,314,3.0,3.0,11.2,32.0,0.0,3.733333333333333,10.666666666666666,90.0,6.0,4,1,7.53,5.707142857142857,38603.0,34722.142857142855,864.0,1727.428571428571,2.2382,8.980014285714287,0.1951,0.1851142857142857,0.0087,0.0051857142857142,864.0,477.8571428571428,0.0,0.0,0.0,0.0,0.0,0.0,0.0,0.0
10,2026-02-07,Saturday,1.0,4.76,4148.0,756.0,25.0,25.0,0.0,1.0,New Traffic Campaign,Link clicks,1.1475,0.1904,0.6027,0.0,0.0,0.0,0.0,0.0,0.0,0.0,,0.0,0.0,0,0.0,,,4.76,0.0,0,,0,,0,8.0,5.0,3.0,2.0,6.0,300.875,2.625,2430.0,23.0,1.0,0.0,8.0,0.0,0.0,300.875,406.6666666666667,403.4528705106167,376.1111111111111,184.0019360661909,1.2222222222222223,2.218616257748973,0.3333333333333333,0.2443117004229086,7.0,7.499609602381065,29.666666666666668,13.874801167824424,0.8888888888888888,0.9337393872277594,0.0,0.0,14,0.0,0.0,0.0,0.0,0.0,0.0,0.0,0.0,328,3.0,3.0,11.2,32.0,0.0,3.733333333333333,10.666666666666666,90.0,6.0,5,1,15.29,6.505714285714285,37354.0,34395.142857142855,802.0,1239.428571428571,2.147,7.766728571428572,0.4093,0.2086285714285714,0.0191,0.0075857142857142,802.0,585.4285714285714,0.0,0.0,0.0,0.0,0.0,0.0,0.0,0.0
11,2026-02-08,Sunday,1.0,1.78,1570.0,562.0,11.0,11.0,0.0,1.0,New Traffic Campaign,Link clicks,1.1338,0.1618,0.7006,0.0,0.0,0.0,0.0,0.0,0.0,0.0,,0.0,0.0,0,0.0,,,1.78,0.0,0,,0,,0,6.0,4.0,2.0,2.0,4.0,182.5,2.0,1187.0,92.0,3.0,0.0,6.0,0.0,0.0,182.5,295.0,394.98348275551456,96.66666666666666,172.84547348115683,1.75,2.2237182985652995,0.125,0.2009443534841331,2.875,6.60420143911576,8.75,9.267658310681568,0.75,0.8980251015134737,0.0,0.0,12,0.0,0.0,0.0,0.0,0.0,0.0,0.0,0.0,340,3.0,3.0,11.2,32.0,0.0,3.733333333333333,10.666666666666666,90.0,6.0,6,0,4.76,6.484285714285713,4148.0,33543.0,25.0,588.1428571428571,0.6027,1.3774285714285714,1.1475,0.3031999999999999,0.1904,0.0346285714285714,25.0,588.1428571428571,0.0,0.0,0.0,0.0,0.0,0.0,0.0,0.0
12,2026-02-09,Monday,1.0,4.46,51244.0,27560.0,2030.0,16.0,0.0,1.0,Tailored web traffic campaign 2/8/2026 Campaign,Landing page views,0.087,0.0022,3.9614,0.0,0.0,0.0,0.0,0.0,0.0,0.0,,0.0,0.0,0,0.0,,,4.46,0.0,0,,0,,0,26.0,15.0,11.0,6.0,20.0,324.61538461538464,2.6923076923076925,10459.0,2019.0,26.0,0.0,26.0,0.0,0.0,324.61538461538464,193.33333333333331,390.6025303745622,119.44444444444446,165.5280131636965,1.3333333333333333,2.185623060470061,0.5,0.2723729249127046,15.333333333333334,8.79467762959195,4.5,6.8248011678244245,1.0,0.8980251015134737,0.0,0.0,22,0.0,0.0,0.0,0.0,0.0,0.0,0.0,0.0,362,3.0,3.0,11.2,32.0,0.0,3.733333333333333,10.666666666666666,90.0,6.0,0,0,1.78,6.738571428571428,1570.0,33767.28571428572,11.0,589.7142857142857,0.7006,1.4775142857142856,1.1338,0.4651714285714285,0.1618,0.0577428571428571,11.0,589.7142857142857,0.0,0.0,0.0,0.0,0.0,0.0,0.0,0.0
13,2026-02-10,Tuesday,1.0,6.04,69648.0,46334.0,2741.0,242.0,0.0,1.0,Tailored web traffic campaign 2/8/2026 Campaign,Landing page views,0.0867,0.0022,3.9355,0.0,0.0,0.0,0.0,0.0,0.0,0.0,,0.0,0.0,0,0.0,,,6.04,0.0,0,,0,,0,16.0,9.0,7.0,7.0,9.0,1603.5,8.875,32028.0,6372.0,16.0,0.0,16.0,0.0,0.0,1603.5,388.2692307692308,340.22238726186094,167.4594017094017,170.78202001253095,2.3846153846153846,1.8684750921593027,1.0,0.391974253816359,77.65384615384616,19.113997844261004,14.0,8.343073593073594,1.0,0.9246031746031746,0.0,0.0,28,0.0,0.0,0.0,0.0,0.0,0.0,0.0,0.0,390,3.0,3.0,11.2,32.0,0.0,3.733333333333333,10.666666666666666,90.0,6.0,1,0,4.46,6.675714285714285,51244.0,35986.857142857145,2030.0,812.5714285714286,3.9614,1.8553857142857144,0.087,0.458,0.0022,0.0565714285714285,16.0,524.8571428571429,0.0,0.0,0.0,0.0,0.0,0.0,0.0,0.0
14,2026-02-11,Wednesday,1.0,0.0,0.0,0.0,0.0,70.0,0.0,1.0,Tailored web traffic campaign 2/8/2026 Campaign,Landing page views,0.0,0.0,0.0,0.0,0.0,0.0,0.0,0.0,0.0,0.0,,0.0,0.0,0,0.0,,,0.0,0.0,0,,0,,0,28.0,12.0,16.0,8.0,20.0,310.9642857142857,2.5357142857142856,10633.0,1926.0,27.0,0.0,28.0,0.0,0.0,310.9642857142857,1991.25,561.3316946211683,181.68269230769232,175.28579174584814,2.4375,1.9179880791722896,1.0,0.4915413533834586,398.25,73.73845671871989,10.5,9.63095238095238,1.0,0.9246031746031746,0.0,0.0,20,0.0,0.0,0.0,0.0,0.0,0.0,0.0,0.0,410,3.0,3.0,11.2,32.0,0.0,3.733333333333333,10.666666666666666,90.0,6.0,2,0,6.04,6.69,69648.0,35479.71428571428,2741.0,1041.0,3.9355,2.194714285714286,0.0867,0.4588,0.0022,0.0561428571428571,242.0,396.2857142857143,0.0,0.0,0.0,0.0,0.0,0.0,0.0,0.0
15,2026-02-12,Thursday,0.0,0.0,0.0,0.0,0.0,0.0,0.0,0.0,,,0.0,0.0,0.0,0.0,0.0,0.0,0.0,0.0,0.0,0.0,,0.0,0.0,0,0.0,,,0.0,0.0,0,,0,,0,7.0,5.0,2.0,3.0,4.0,228.28571428571428,2.0,1984.0,386.0,7.0,0.0,7.0,0.0,0.0,228.28571428571428,367.8571428571428,569.4466248037676,173.1675170068027,178.74760316214395,1.7142857142857142,1.929803331589046,0.9642857142857144,0.5841836734693878,68.78571428571429,81.6401753008896,11.892857142857142,11.329931972789115,0.8928571428571429,0.909297052154195,0.0,0.0,3,0.0,0.0,0.0,0.0,0.0,0.0,0.0,0.0,413,3.0,3.0,11.2,32.0,0.0,3.733333333333333,10.666666666666666,90.0,6.0,3,0,0.0,5.694285714285714,0.0,28938.14285714286,0.0,924.7142857142856,0.0,1.9407714285714288,0.0,0.4370571428571428,0.0,0.0549142857142857,70.0,290.0,0.0,0.0,0.0,0.0,0.0,0.0,0.0,0.0
16,2026-02-13,Friday,0.0,0.0,0.0,0.0,0.0,0.0,0.0,0.0,,,0.0,0.0,0.0,0.0,0.0,0.0,0.0,0.0,0.0,0.0,,0.0,0.0,0,0.0,,,0.0,0.0,0,,0,,0,5.0,3.0,2.0,2.0,3.0,377.0,3.6,2243.0,358.0,4.0,0.0,5.0,0.0,0.0,377.0,275.7142857142857,559.7272370486655,161.42857142857142,182.2800578106701,1.5714285714285714,1.7733407465550324,1.0,0.7032312925170068,55.142857142857146,89.29153584510728,7.714285714285714,12.431972789115646,1.0,0.9331065759637188,0.0,0.0,9,0.0,0.0,0.0,0.0,0.0,0.0,0.0,0.0,422,3.0,3.0,11.2,32.0,0.0,3.733333333333333,10.666666666666666,90.0,6.0,4,1,0.0,4.618571428571428,0.0,23423.42857142857,0.0,801.2857142857143,0.0,1.6210285714285713,0.0,0.4091857142857143,0.0,0.0536714285714285,0.0,166.57142857142858,0.0,0.0,0.0,0.0,0.0,0.0,0.0,0.0
17,2026-02-14,Saturday,0.0,0.0,0.0,0.0,0.0,0.0,0.0,0.0,,,0.0,0.0,0.0,0.0,0.0,0.0,0.0,0.0,0.0,0.0,,0.0,0.0,0,0.0,,,0.0,0.0,0,,0,,0,9.0,4.0,5.0,3.0,6.0,394.1111111111111,2.0,4417.0,870.0,9.0,0.0,9.0,0.0,0.0,394.1111111111111,440.0,564.4891418105703,116.93333333333332,145.25466098527323,2.8,1.9987375719518576,0.8,0.7698979591836734,71.6,98.5201072736787,8.6,9.422448979591836,1.0,0.9489795918367346,0.0,0.0,11,0.0,0.0,0.0,0.0,0.0,0.0,0.0,0.0,433,3.0,3.0,11.2,32.0,0.0,3.733333333333333,10.666666666666666,90.0,6.0,5,1,0.0,2.434285714285714,0.0,18087.14285714286,0.0,686.7142857142857,0.0,1.3143142857142855,0.0,0.3507142857142857,0.0,0.0509428571428571,0.0,52.0,0.0,0.0,0.0,0.0,0.0,0.0,0.0,0.0
18,2026-02-15,Sunday,0.0,0.0,0.0,0.0,0.0,0.0,0.0,0.0,,,0.0,0.0,0.0,0.0,0.0,0.0,0.0,0.0,0.0,0.0,,0.0,0.0,0,0.0,,,0.0,0.0,0,,0,,0,51.0,24.0,27.0,3.0,48.0,406.5098039215686,4.196078431372549,23421.0,2689.0,50.0,0.0,51.0,0.0,0.0,406.5098039215686,483.3333333333333,591.3939037153323,215.44444444444449,162.22291495352718,1.7777777777777777,2.002705825920112,1.0,0.8948979591836734,96.66666666666669,111.91891679748824,7.444444444444445,9.2359410430839,1.0,0.9846938775510204,0.0,0.0,22,0.0,0.0,0.0,0.0,0.0,0.0,0.0,0.0,455,3.0,3.0,11.2,32.0,0.0,3.733333333333333,10.666666666666666,90.0,6.0,6,0,0.0,1.7542857142857144,0.0,17494.571428571428,0.0,683.1428571428571,0.0,1.2282142857142857,0.0,0.1867857142857142,0.0,0.0237428571428571,0.0,48.42857142857143,0.0,0.0,0.0,0.0,0.0,0.0,0.0,0.0
19,2026-02-16,Monday,0.0,0.0,0.0,0.0,0.0,0.0,0.0,0.0,,,0.0,0.0,0.0,1.0,1.0,0.0,0.0,0.0,0.0,0.0,2026-02-16,0.0,0.0,0,0.0,,,0.0,0.0,0,,0,,0,23.0,8.0,15.0,9.0,14.0,176.0,1.391304347826087,4488.0,440.0,23.0,0.0,23.0,0.0,0.0,176.0,458.4313725490196,629.2650521747161,116.83452168746288,161.85006884538697,1.8235294117647056,2.0727338371245936,0.9803921568627452,0.9635254101640656,52.72549019607843,117.2606534921661,0.803921568627451,8.707929838602107,0.4509803921568627,0.9062625050020008,0.0,0.0,225,0.0,0.0,0.0,0.0,0.0,0.0,0.0,0.0,680,3.0,3.0,11.2,32.0,0.0,3.733333333333333,10.666666666666666,90.0,6.0,0,0,0.0,1.5,0.0,17270.285714285714,0.0,681.5714285714286,0.0,1.1281285714285716,0.0,0.0248142857142857,0.0,0.0006285714285714,0.0,46.85714285714285,0.0,0.0,0.0,0.0,0.0,0.0,0.0,0.0
20,2026-02-17,Tuesday,0.0,0.0,0.0,0.0,0.0,0.0,0.0,0.0,,,0.0,0.0,0.0,1.0,1.0,0.0,0.0,0.0,0.0,0.0,2026-02-16,0.0,0.0,0,0.0,,,0.0,0.0,0,,0,,0,11.0,4.0,7.0,4.0,7.0,361.9090909090909,2.363636363636364,4234.0,253.0,10.0,0.0,11.0,0.0,0.0,361.9090909090909,191.30434782608697,601.1272117542669,149.56521739130434,159.29375679994448,1.0,1.874931639322396,1.0,0.9635254101640656,19.130434782608692,108.9001661534179,3.8260869565217392,7.254513689533785,1.0,0.9062625050020008,0.0,0.0,41,0.0,0.0,0.0,0.0,0.0,0.0,0.0,0.0,721,3.0,3.0,11.2,32.0,0.0,3.733333333333333,10.666666666666666,90.0,6.0,1,0,0.0,0.8628571428571429,0.0,9949.714285714286,0.0,391.57142857142856,0.0,0.5622142857142858,0.0,0.0123857142857142,0.0,0.0003142857142857,0.0,44.57142857142857,0.0,0.0,0.0,0.0,0.0,0.0,0.0,0.0
21,2026-02-18,Wednesday,1.0,11.24,86305.0,58789.0,2268.0,505.0,0.0,1.0,Tailored web traffic campaign 2/8/2026 Campaign,Landing page views,0.1302,0.005,2.6279,1.0,1.0,0.0,0.0,0.0,0.0,0.0,2026-02-16,0.0,0.0,0,0.0,,,11.24,0.0,0,,0,,0,14.0,4.0,10.0,9.0,5.0,201.42857142857144,1.1428571428571428,3070.0,250.0,10.0,0.0,14.0,0.0,0.0,201.42857142857144,374.54545454545456,370.1694195464747,147.87878787878788,154.46462759581527,1.5454545454545454,1.7474965743873307,0.9090909090909092,0.9505383971770528,23.0,55.293023296275045,10.363636363636363,7.235033170053265,1.0,0.9062625050020008,0.0,0.0,93,0.0,0.0,0.0,0.0,0.0,0.0,0.0,0.0,814,3.0,3.0,11.2,32.0,0.0,3.733333333333333,10.666666666666666,90.0,6.0,2,0,0.0,0.0,0.0,0.0,0.0,0.0,0.0,0.0,0.0,0.0,0.0,0.0,0.0,10.0,0.0,0.0,0.0,0.0,0.0,0.0,0.0,0.0
22,2026-02-19,Thursday,1.0,5.4,42653.0,32684.0,1203.0,342.0,0.0,1.0,Tailored web traffic campaign 2/8/2026 Campaign,Landing page views,0.1266,0.0045,2.8204,1.0,1.0,0.0,0.0,0.0,0.0,0.0,2026-02-16,1.0,2000.0,10000,80000.0,online book store,Story,5.4,2000.0,1,online book store,0,,0,11.0,4.0,7.0,4.0,7.0,386.7272727272728,3.0,4652.0,398.0,9.0,0.0,11.0,0.0,0.0,386.7272727272728,219.28571428571428,348.94492975055635,206.07142857142856,159.16518639076185,1.1428571428571428,1.6658639213261062,0.7142857142857143,0.914824111462767,17.857142857142858,48.01751309219341,0.0,5.5360535782165305,0.8571428571428571,0.9011604641856744,0.0,0.0,33,1.0,3.8,10.0,1.0,1.0,0.0,0.0,0.0,847,4.0,4.0,15.0,42.0,1.0,3.75,10.5,90.0,6.0,3,0,11.24,1.6057142857142856,86305.0,12329.285714285714,2268.0,324.0,2.6279,0.3754142857142857,0.1302,0.0186,0.005,0.0007142857142857,505.0,72.14285714285714,0.0,0.0,0.0,0.0,0.0,0.0,0.0,0.0
23,2026-02-20,Friday,1.0,0.0,0.0,0.0,0.0,12.0,0.0,1.0,Tailored web traffic campaign 2/8/2026 Campaign,Landing page views,0.0,0.0,0.0,1.0,1.0,0.0,0.0,0.0,0.0,0.0,2026-02-16,0.0,0.0,10000,0.0,,,0.0,0.0,1,online book store,0,,0,6.0,4.0,2.0,4.0,2.0,600.1666666666666,5.5,3982.0,381.0,6.0,0.0,6.0,0.0,0.0,600.1666666666666,406.3636363636364,367.6091227004636,243.43795093795092,170.8808120349589,1.7272727272727273,1.6881273721609855,0.8181818181818182,0.888850085488741,36.18181818181818,45.30879324061641,16.545454545454547,6.797649125526363,1.0,0.9011604641856744,0.0,0.0,29,0.0,0.0,0.0,0.0,0.0,0.0,0.0,0.0,876,4.0,4.0,15.0,42.0,1.0,3.75,10.5,90.0,6.0,4,1,5.4,2.377142857142857,42653.0,18422.571428571428,1203.0,495.8571428571428,2.8204,0.7783285714285714,0.1266,0.0366857142857142,0.0045,0.0013571428571428,342.0,121.0,0.0,0.0,0.0,0.0,0.0,0.0,10000.0,1428.571428571429
24,2026-02-21,Saturday,0.0,0.0,0.0,0.0,0.0,0.0,0.0,0.0,,,0.0,0.0,0.0,1.0,1.0,0.0,0.0,0.0,0.0,0.0,2026-02-16,0.0,0.0,10000,0.0,,,0.0,0.0,1,online book store,0,,0,7.0,3.0,4.0,1.0,6.0,325.57142857142856,1.8571428571428568,2387.0,108.0,6.0,0.0,7.0,0.0,0.0,325.57142857142856,635.0,395.4662655576064,292.4074074074074,195.94853690268377,2.5,1.6452702293038424,1.0,0.9174215140601696,63.5,44.15165038347356,28.666666666666668,9.664315792193031,1.0,0.9011604641856744,0.0,0.0,37,0.0,0.0,0.0,0.0,0.0,28.0,1.0,0.0,913,4.0,4.0,15.0,42.0,1.0,3.75,10.5,118.0,7.0,5,1,0.0,2.377142857142857,0.0,18422.571428571428,0.0,495.8571428571428,0.0,0.7783285714285714,0.0,0.0366857142857142,0.0,0.0013571428571428,12.0,122.71428571428572,0.0,0.0,0.0,0.0,0.0,0.0,10000.0,2857.1428571428573
25,2026-02-22,Sunday,0.0,0.0,0.0,0.0,0.0,0.0,0.0,0.0,,,0.0,0.0,0.0,1.0,1.0,0.0,0.0,0.0,0.0,0.0,2026-02-16,0.0,0.0,0,0.0,,,0.0,0.0,0,,0,,0,10.0,1.0,9.0,2.0,8.0,192.6,2.0,2140.0,214.0,10.0,0.0,10.0,0.0,0.0,192.6,326.85714285714283,373.1125240610078,154.44897959183672,187.2348990665969,1.5714285714285714,1.6157917712539562,0.8571428571428571,0.8970133507948634,15.428571428571429,32.546208206602806,14.142857142857142,10.621231891966271,1.0,0.9011604641856744,0.0,0.0,33,0.0,0.0,0.0,0.0,0.0,0.0,0.0,0.0,946,4.0,4.0,15.0,42.0,1.0,3.75,10.5,118.0,7.0,6,0,0.0,2.377142857142857,0.0,18422.571428571428,0.0,495.8571428571428,0.0,0.7783285714285714,0.0,0.0366857142857142,0.0,0.0013571428571428,0.0,122.71428571428572,0.0,0.0,0.0,0.0,0.0,0.0,10000.0,4285.714285714285
26,2026-02-23,Monday,0.0,0.0,0.0,0.0,0.0,0.0,0.0,0.0,,,0.0,0.0,0.0,1.0,1.0,0.0,0.0,0.0,0.0,0.0,2026-02-23,0.0,0.0,0,0.0,,,0.0,0.0,0,,0,,0,37.0,11.0,26.0,5.0,32.0,462.1351351351352,3.5135135135135136,18971.0,1872.0,37.0,0.0,37.0,0.0,0.0,462.1351351351352,214.0,338.193756554005,121.33333333333331,187.87758644457844,1.6,1.5838589981447124,1.0,0.8998144712430428,21.4,28.071138178591603,0.0,10.506385953590923,0.5,0.9081632653061226,0.0,0.0,30,0.0,0.0,0.0,0.0,0.0,0.0,0.0,0.0,976,4.0,4.0,15.0,42.0,1.0,3.75,10.5,118.0,7.0,0,0,0.0,2.377142857142857,0.0,18422.571428571428,0.0,495.8571428571428,0.0,0.7783285714285714,0.0,0.0366857142857142,0.0,0.0013571428571428,0.0,122.71428571428572,0.0,0.0,0.0,0.0,0.0,0.0,0.0,4285.714285714285
27,2026-02-24,Tuesday,0.0,0.0,0.0,0.0,0.0,0.0,0.0,0.0,,,0.0,0.0,0.0,1.0,1.0,0.0,0.0,0.0,0.0,0.0,2026-02-23,0.0,0.0,0,0.0,,,0.0,0.0,0,,0,,0,8.0,4.0,4.0,1.0,7.0,360.5,3.125,3265.0,381.0,8.0,0.0,8.0,0.0,0.0,360.5,505.94594594594594,383.1425562854134,154.9961974961975,188.6534407452775,2.081081081081081,1.7382991525848668,1.0,0.8998144712430428,50.5945945945946,32.56601815173244,6.783783783783784,10.928914071771215,0.5405405405405406,0.8425261996690568,0.0,0.0,22,0.0,0.0,0.0,0.0,0.0,0.0,0.0,0.0,998,4.0,4.0,15.0,42.0,1.0,3.75,10.5,118.0,7.0,1,0,0.0,2.377142857142857,0.0,18422.571428571428,0.0,495.8571428571428,0.0,0.7783285714285714,0.0,0.0366857142857142,0.0,0.0013571428571428,0.0,122.71428571428572,0.0,0.0,0.0,0.0,0.0,0.0,0.0,4285.714285714285
28,2026-02-25,Wednesday,0.0,0.0,0.0,0.0,0.0,0.0,0.0,0.0,,,0.0,0.0,0.0,1.0,1.0,0.0,0.0,0.0,0.0,0.0,2026-02-23,0.0,0.0,0,0.0,,,0.0,0.0,0,,0,,0,12.0,4.0,8.0,1.0,11.0,544.0833333333334,2.4166666666666665,7252.0,723.0,12.0,0.0,12.0,0.0,0.0,544.0833333333334,403.75,387.31463420749134,135.0,186.81361390545064,1.5,1.7318056460913602,1.0,0.9128014842300556,47.625,36.08387529458959,4.375,10.073394591251736,0.875,0.824669056811914,0.0,0.0,17,0.0,0.0,0.0,0.0,0.0,0.0,0.0,0.0,1015,4.0,4.0,15.0,42.0,1.0,3.75,10.5,118.0,7.0,2,0,0.0,2.377142857142857,0.0,18422.571428571428,0.0,495.8571428571428,0.0,0.7783285714285714,0.0,0.0366857142857142,0.0,0.0013571428571428,0.0,122.71428571428572,0.0,0.0,0.0,0.0,0.0,0.0,0.0,4285.714285714285
29,2026-02-26,Thursday,0.0,0.0,0.0,0.0,0.0,0.0,0.0,0.0,,,0.0,0.0,0.0,1.0,1.0,0.0,0.0,0.0,0.0,0.0,2026-02-23,0.0,0.0,0,0.0,,,0.0,0.0,0,,0,,0,22.0,8.0,14.0,3.0,19.0,269.6818181818182,2.3181818181818183,6589.0,656.0,22.0,0.0,22.0,0.0,0.0,269.6818181818182,602.5,442.059532166675,390.0,213.0891241095323,1.0,1.7113974828260543,1.0,0.953617810760668,60.25,42.139997743569175,1.8333333333333333,10.335299353156495,0.25,0.7379343629343629,0.0,0.0,14,0.0,0.0,0.0,0.0,0.0,0.0,0.0,0.0,1029,4.0,4.0,15.0,42.0,1.0,3.75,10.5,118.0,7.0,3,0,0.0,0.7714285714285715,0.0,6093.285714285715,0.0,171.85714285714286,0.0,0.4029142857142856,0.0,0.0180857142857142,0.0,0.0006428571428571,0.0,50.57142857142857,0.0,0.0,0.0,0.0,0.0,0.0,0.0,4285.714285714285
30,2026-02-27,Friday,0.0,0.0,0.0,0.0,0.0,0.0,0.0,0.0,,,0.0,0.0,0.0,1.0,1.0,0.0,0.0,0.0,0.0,0.0,2026-02-23,0.0,0.0,0,0.0,,,0.0,0.0,0,,0,,0,5.0,3.0,2.0,0.0,5.0,127.8,1.8,710.0,71.0,5.0,0.0,5.0,0.0,0.0,127.8,298.1818181818182,426.6049867121295,132.6559714795009,197.2631270440394,1.5,1.6789299503585216,1.0,0.979591836734694,29.818181818181817,41.23090683447827,1.318181818181818,8.159974677831821,0.9090909090909092,0.7249473499473499,0.0,0.0,6,0.0,0.0,0.0,0.0,0.0,0.0,0.0,0.0,1035,4.0,4.0,15.0,42.0,1.0,3.75,10.5,118.0,7.0,4,1,0.0,0.0,0.0,0.0,0.0,0.0,0.0,0.0,0.0,0.0,0.0,0.0,0.0,1.7142857142857142,0.0,0.0,0.0,0.0,0.0,0.0,0.0,2857.1428571428573
31,2026-02-28,Saturday,0.0,0.0,0.0,0.0,0.0,0.0,0.0,0.0,,,0.0,0.0,0.0,1.0,1.0,0.0,0.0,0.0,0.0,0.0,2026-02-23,0.0,0.0,0,0.0,,,0.0,0.0,0,,0,,0,3.0,0.0,3.0,1.0,2.0,285.0,1.6666666666666667,950.0,95.0,3.0,0.0,3.0,0.0,0.0,285.0,142.0,356.17641528355813,87.0,167.91921170012407,1.2,1.4932156646442358,1.0,0.979591836734694,14.2,34.188049691621124,0.0,4.064736582593725,0.8,0.6963759213759213,0.0,0.0,3,0.0,0.0,0.0,0.0,0.0,0.0,0.0,0.0,1038,4.0,4.0,15.0,42.0,1.0,3.75,10.5,118.0,7.0,5,1,0.0,0.0,0.0,0.0,0.0,0.0,0.0,0.0,0.0,0.0,0.0,0.0,0.0,0.0,0.0,0.0,0.0,0.0,0.0,0.0,0.0,1428.571428571429
32,2026-03-01,Sunday,0.0,0.0,0.0,0.0,0.0,0.0,0.0,0.0,,,0.0,0.0,0.0,1.0,1.0,0.0,0.0,0.0,0.0,0.0,2026-02-23,0.0,0.0,0,0.0,,,0.0,0.0,0,,0,,0,5.0,1.0,4.0,2.0,3.0,392.5,1.4,2176.0,213.5,5.0,0.0,5.0,0.0,0.0,392.5,316.6666666666667,354.72063297063295,225.0,177.99792890129024,1.6666666666666667,1.5068211068211068,1.0,1.0,31.666666666666668,36.50777758277759,0.0,2.0443284193284192,1.0,0.6963759213759213,0.0,0.0,5,0.0,0.0,0.0,0.0,0.0,0.0,0.0,0.0,1043,4.0,4.0,15.0,42.0,1.0,3.75,10.5,118.0,7.0,6,0,0.0,0.0,0.0,0.0,0.0,0.0,0.0,0.0,0.0,0.0,0.0,0.0,0.0,0.0,0.0,0.0,0.0,0.0,0.0,0.0,0.0,0.0
33,2026-03-02,Monday,0.0,0.0,0.0,0.0,0.0,0.0,0.0,0.0,,,0.0,0.0,0.0,1.0,1.0,0.0,0.0,0.0,0.0,0.0,2026-03-02,0.0,0.0,0,0.0,,,0.0,0.0,0,,0,,0,7.0,2.0,5.0,2.0,5.0,405.7142857142857,2.571428571428572,3149.0,309.0,7.0,0.0,7.0,0.0,0.0,405.7142857142857,427.0,385.1492043992044,297.0,203.0931669965284,1.2,1.4496782496782497,1.0,1.0,42.7,39.55063472563473,8.2,3.2157569907569905,1.0,0.7678044928044928,0.0,0.0,5,0.0,0.0,0.0,0.0,0.0,0.0,0.0,0.0,1048,4.0,4.0,15.0,42.0,1.0,3.75,10.5,118.0,7.0,0,0,0.0,0.0,0.0,0.0,0.0,0.0,0.0,0.0,0.0,0.0,0.0,0.0,0.0,0.0,0.0,0.0,0.0,0.0,0.0,0.0,0.0,0.0
34,2026-03-03,Tuesday,1.0,0.74,4127.0,3652.0,110.0,14.0,0.0,1.0,Tailored web traffic campaign 2/8/2026 Campaign,Landing page views,0.1793,0.0067,2.6654,1.0,1.0,0.0,0.0,0.0,0.0,0.0,2026-03-02,0.0,0.0,0,0.0,,,0.74,0.0,0,,0,,0,1.0,0.0,1.0,1.0,0.0,72.0,1.0,80.0,8.0,1.0,0.0,1.0,0.0,0.0,72.0,441.4285714285714,375.9324366110081,220.7142857142857,212.4814653133981,1.2857142857142858,1.3360544217687076,1.0,1.0,44.142857142857146,38.6289579468151,8.428571428571429,3.450726654298083,0.7142857142857143,0.7926252319109462,0.0,0.0,11,1.0,4.3,10.0,0.0,1.0,13.0,5.0,0.0,1059,5.0,5.0,19.3,52.0,1.0,3.86,10.4,131.0,12.0,1,0,0.0,0.0,0.0,0.0,0.0,0.0,0.0,0.0,0.0,0.0,0.0,0.0,0.0,0.0,0.0,0.0,0.0,0.0,0.0,0.0,0.0,0.0
35,2026-03-04,Wednesday,1.0,6.51,64309.0,45071.0,2518.0,528.0,0.0,1.0,Tailored web traffic campaign 2/8/2026 Campaign,Landing page views,0.1012,0.0026,3.9155,1.0,1.0,0.0,0.0,0.0,0.0,0.0,2026-03-02,0.0,0.0,0,0.0,,,6.51,0.0,0,,0,,0,11.0,2.0,9.0,6.0,5.0,290.95454545454544,1.7272727272727273,3525.0,324.5,10.0,0.0,11.0,0.0,0.0,290.95454545454544,80.0,329.6824366110081,80.0,204.62432245625524,1.0,1.2646258503401362,1.0,1.0,8.0,32.968243661100814,0.0,2.825726654298083,1.0,0.8104823747680892,0.0,0.0,47,1.0,5.0,10.0,0.0,1.0,0.0,0.0,0.0,1106,6.0,6.0,24.3,62.0,1.0,4.05,10.333333333333334,131.0,12.0,2,0,0.74,0.1057142857142857,4127.0,589.5714285714286,110.0,15.714285714285714,2.6654,0.3807714285714286,0.1793,0.0256142857142857,0.0067,0.0009571428571428,14.0,2.0,0.0,0.0,0.0,0.0,0.0,0.0,0.0,0.0
36,2026-03-05,Thursday,1.0,5.62,57338.0,42766.0,2109.0,428.0,0.0,1.0,Tailored web traffic campaign 2/8/2026 Campaign,Landing page views,0.098,0.0027,3.6782,1.0,1.0,0.0,0.0,0.0,0.0,0.0,2026-03-02,0.0,0.0,0,0.0,,,5.62,0.0,0,,0,,0,4.0,1.0,3.0,1.0,3.0,286.25,2.0,1267.0,122.0,4.0,0.0,4.0,0.0,0.0,286.25,304.09090909090907,287.0525664811379,192.87878787878788,176.46414929608207,1.5454545454545454,1.342547928262214,0.9090909090909092,0.987012987012987,29.5,28.575386518243672,16.363636363636363,4.901484230055658,0.9090909090909092,0.9046382189239331,0.0,0.0,27,0.0,0.0,0.0,0.0,0.0,0.0,0.0,0.0,1133,6.0,6.0,24.3,62.0,1.0,4.05,10.333333333333334,131.0,12.0,3,0,6.51,1.0357142857142858,64309.0,9776.57142857143,2518.0,375.4285714285714,3.9155,0.9401285714285714,0.1012,0.0400714285714285,0.0026,0.0013285714285714,528.0,77.42857142857143,0.0,0.0,0.0,0.0,0.0,0.0,0.0,0.0
37,2026-03-06,Friday,1.0,5.72,56083.0,43362.0,1734.0,352.0,0.0,1.0,Tailored web traffic campaign 2/8/2026 Campaign,Landing page views,0.102,0.0033,3.0918,1.0,1.0,0.0,0.0,0.0,0.0,0.0,2026-03-02,0.0,0.0,0,0.0,,,5.72,0.0,0,,0,,0,7.0,3.0,4.0,5.0,2.0,351.85714285714283,1.5714285714285714,2734.0,271.0,7.0,0.0,7.0,0.0,0.0,351.85714285714283,305.0,288.0265924551639,152.5,179.29901051329622,1.5,1.342547928262214,1.0,0.9870129870129872,30.5,28.67278911564627,11.75,6.391743970315399,1.0,0.9176252319109464,0.0,0.0,32,0.0,0.0,0.0,0.0,0.0,0.0,0.0,0.0,1165,6.0,6.0,24.3,62.0,1.0,4.05,10.333333333333334,131.0,12.0,4,1,5.62,1.8385714285714287,57338.0,17967.714285714286,2109.0,676.7142857142857,3.6782,1.4655857142857145,0.098,0.0540714285714285,0.0027,0.0017142857142857,428.0,138.57142857142858,0.0,0.0,0.0,0.0,0.0,0.0,0.0,0.0
38,2026-03-07,Saturday,1.0,5.86,60814.0,47742.0,1835.0,384.0,0.0,1.0,Tailored web traffic campaign 2/8/2026 Campaign,Landing page views,0.0964,0.0032,3.0174,1.0,1.0,0.0,0.0,0.0,0.0,0.0,2026-03-02,0.0,0.0,0,0.0,,,5.86,0.0,0,,0,,0,4.0,1.0,3.0,2.0,2.0,259.5,1.5,1127.0,89.0,4.0,0.0,4.0,0.0,0.0,259.5,387.1428571428572,323.0470006184292,222.14285714285717,198.6051329622758,1.4285714285714286,1.375200989486704,1.0,0.9870129870129872,38.71428571428572,32.174829931972795,3.4285714285714284,6.881539888682745,1.0,0.9461966604823748,0.0,0.0,27,0.0,0.0,0.0,0.0,0.0,12.0,0.0,0.0,1192,6.0,6.0,24.3,62.0,1.0,4.05,10.333333333333334,143.0,12.0,5,1,5.72,2.6557142857142857,56083.0,25979.571428571428,1734.0,924.4285714285714,3.0918,1.9072714285714285,0.102,0.0686428571428571,0.0033,0.0021857142857142,352.0,188.8571428571429,0.0,0.0,0.0,0.0,0.0,0.0,0.0,0.0
39,2026-03-08,Sunday,1.0,10.19,181916.0,165446.0,1125.0,128442.0,0.0,2.0,Ramadan Iftar | Tailored web traffic campaign 2/8/2026 Campaign,Landing page views | Reach,0.056,0.0091,0.6184,1.0,1.0,0.0,0.0,0.0,0.0,0.0,2026-03-02,0.0,0.0,0,0.0,,,10.19,0.0,0,,0,,0,24.0,4.0,20.0,4.0,20.0,689.0416666666666,2.083333333333333,17129.0,592.0,23.0,0.0,24.0,0.0,0.0,689.0416666666666,222.5,309.5946196660483,141.25,186.64084724799008,1.25,1.315677179962894,1.0,0.9870129870129872,22.25,30.829591836734703,59.25,15.34582560296846,1.0,0.9461966604823748,0.0,0.0,45,0.0,0.0,10.0,0.0,1.0,0.0,0.0,0.0,1237,6.0,7.0,24.3,72.0,1.0,3.4714285714285715,10.285714285714286,143.0,12.0,6,0,5.86,3.492857142857143,60814.0,34667.28571428572,1835.0,1186.571428571429,3.0174,2.338328571428572,0.0964,0.0824142857142857,0.0032,0.0026428571428571,384.0,243.7142857142857,0.0,0.0,0.0,0.0,0.0,0.0,0.0,0.0
40,2026-03-09,Monday,1.0,6.58,83566.0,75338.0,1001.0,43823.0,0.0,2.0,Ramadan Iftar | Tailored web traffic campaign 2/8/2026 Campaign,Landing page views | Reach,0.0787,0.0066,1.1979,1.0,1.0,0.0,0.0,0.0,0.0,0.0,2026-03-09,0.0,0.0,0,0.0,,,6.58,0.0,0,,0,,0,7.0,6.0,1.0,4.0,3.0,271.0,1.5714285714285714,2100.0,203.0,7.0,0.0,7.0,0.0,0.0,271.0,269.5833333333333,287.10652442795305,134.23611111111111,163.38886312100598,1.875,1.4121057513914657,0.9583333333333334,0.9810606060606062,24.666666666666668,28.253401360544228,444.125,77.62082560296847,0.9166666666666666,0.9342918985776127,0.0,0.0,34,0.0,0.0,0.0,0.0,0.0,24.0,4.0,0.0,1271,6.0,7.0,24.3,72.0,1.0,3.4714285714285715,10.285714285714286,167.0,16.0,0,0,10.19,4.948571428571428,181916.0,60655.28571428572,1125.0,1347.2857142857142,0.6184,2.4266714285714284,0.056,0.0904142857142857,0.0091,0.0039428571428571,128442.0,18592.571428571428,0.0,0.0,0.0,0.0,0.0,0.0,0.0,0.0
41,2026-03-10,Tuesday,1.0,5.57,37680.0,31632.0,1054.0,417.0,0.0,1.0,Tailored web traffic campaign 2/8/2026 Campaign,Landing page views,0.1478,0.0053,2.7972,1.0,1.0,0.0,0.0,0.0,0.0,0.0,2026-03-09,0.0,0.0,0,0.0,,,5.57,0.0,0,,0,,0,18.0,7.0,11.0,8.0,10.0,292.0,2.388888888888889,5771.0,515.0,16.0,0.0,18.0,0.0,0.0,292.0,290.0,265.47387136672853,228.0952380952381,164.44328488971345,1.4285714285714286,1.4325139146567718,1.0,0.9810606060606062,29.0,26.090136054421777,10.0,77.84531539888683,1.0,0.9751082251082251,0.0,0.0,42,0.0,0.0,0.0,0.0,0.0,16.0,3.0,0.0,1313,6.0,7.0,24.3,72.0,1.0,3.4714285714285715,10.285714285714286,183.0,19.0,1,0,6.58,5.888571428571429,83566.0,72593.28571428571,1001.0,1490.2857142857142,1.1979,2.5978,0.0787,0.1016571428571428,0.0066,0.0048857142857142,43823.0,24853.0,0.0,0.0,0.0,0.0,0.0,0.0,0.0,0.0
42,2026-03-11,Wednesday,1.0,5.97,31386.0,26009.0,885.0,288.0,0.0,1.0,Tailored web traffic campaign 2/8/2026 Campaign,Landing page views,0.1902,0.0067,2.8197,1.0,1.0,0.0,0.0,0.0,0.0,0.0,2026-03-09,0.0,0.0,0,0.0,,,5.97,0.0,0,,0,,0,12.0,3.0,9.0,2.0,10.0,336.75,2.583333333333333,4551.0,510.0,11.0,0.0,12.0,0.0,0.0,336.75,302.77777777777777,297.29926819212534,145.19444444444446,173.7567769532055,1.8888888888888888,1.5594980416408986,0.8888888888888888,0.9651875901875904,28.61111111111111,29.034580498866223,17.833333333333332,80.39293444650586,0.9444444444444444,0.9671717171717172,0.0,0.0,23,0.0,0.0,0.0,0.0,0.0,0.0,0.0,0.0,1336,6.0,7.0,24.3,72.0,1.0,3.4714285714285715,10.285714285714286,183.0,19.0,2,0,5.57,6.578571428571428,37680.0,77386.57142857143,1054.0,1625.142857142857,2.7972,2.6166285714285715,0.1478,0.0971571428571428,0.0053,0.0046857142857142,417.0,24910.571428571428,0.0,0.0,0.0,0.0,0.0,0.0,0.0,0.0
43,2026-03-12,Thursday,1.0,5.73,29926.0,25685.0,942.0,340.0,0.0,1.0,Tailored web traffic campaign 2/8/2026 Campaign,Landing page views,0.1915,0.0061,3.1478,1.0,1.0,0.0,0.0,0.0,0.0,0.0,2026-03-09,0.0,0.0,0,0.0,,,5.73,0.0,0,,0,,0,5.0,3.0,2.0,3.0,2.0,393.4,1.2,2159.0,192.0,4.0,0.0,5.0,0.0,0.0,393.4,362.5,305.64342403628115,141.80555555555557,166.4606009070295,1.8333333333333333,1.60062358276644,0.9166666666666666,0.9662698412698412,42.5,30.89172335600908,16.75,80.44812925170068,0.75,0.9444444444444444,0.0,0.0,31,0.0,0.0,0.0,0.0,0.0,0.0,0.0,0.0,1367,6.0,7.0,24.3,72.0,1.0,3.4714285714285715,10.285714285714286,183.0,19.0,3,0,5.97,6.501428571428571,31386.0,72683.28571428571,885.0,1391.857142857143,2.8197,2.4600857142857144,0.1902,0.1098714285714285,0.0067,0.0052714285714285,288.0,24876.285714285717,0.0,0.0,0.0,0.0,0.0,0.0,0.0,0.0
44,2026-03-13,Friday,1.0,6.5,31276.0,26987.0,921.0,313.0,0.0,1.0,Tailored web traffic campaign 2/8/2026 Campaign,Landing page views,0.2078,0.0071,2.9447,1.0,1.0,0.0,0.0,0.0,0.0,0.0,2026-03-09,0.0,0.0,0,0.0,,,6.5,0.0,0,,0,,0,5.0,3.0,2.0,2.0,3.0,362.4,3.2,1917.0,105.0,3.0,0.0,5.0,0.0,0.0,362.4,418.0,321.7862811791383,398.0,201.53202947845807,1.2,1.557766439909297,0.8,0.9376984126984128,38.4,32.02029478458051,13.8,80.74098639455782,0.8,0.9158730158730158,0.0,0.0,31,0.0,0.0,0.0,0.0,0.0,0.0,0.0,0.0,1398,6.0,7.0,24.3,72.0,1.0,3.4714285714285715,10.285714285714286,183.0,19.0,4,1,5.73,6.517142857142858,29926.0,68767.28571428571,942.0,1225.142857142857,3.1478,2.384314285714286,0.1915,0.1232285714285714,0.0061,0.0057571428571428,340.0,24863.714285714286,0.0,0.0,0.0,0.0,0.0,0.0,0.0,0.0
45,2026-03-14,Saturday,1.0,6.04,31555.0,27198.0,871.0,295.0,0.0,1.0,Tailored web traffic campaign 2/8/2026 Campaign,Landing page views,0.1914,0.0069,2.7603,1.0,1.0,0.0,0.0,0.0,0.0,0.0,2026-03-09,0.0,0.0,0,0.0,,,6.04,0.0,0,,0,,0,15.0,3.0,12.0,3.0,12.0,219.0,2.2,3575.0,290.0,12.0,0.0,15.0,0.0,0.0,219.0,374.0,319.9087301587301,124.5,187.58304988662132,2.0,1.6393990929705216,0.6,0.8805555555555556,21.0,29.489682539682544,9.4,81.59404761904761,1.0,0.915873015873016,0.0,0.0,23,0.0,0.0,0.0,0.0,0.0,0.0,0.0,0.0,1421,6.0,7.0,24.3,72.0,1.0,3.4714285714285715,10.285714285714286,183.0,19.0,5,1,6.5,6.628571428571429,31276.0,65223.42857142857,921.0,1109.0,2.9447,2.3633,0.2078,0.1383428571428571,0.0071,0.0063,313.0,24858.14285714286,0.0,0.0,0.0,0.0,0.0,0.0,0.0,0.0
46,2026-03-15,Sunday,1.0,5.39,28630.0,24790.0,825.0,294.0,0.0,1.0,Tailored web traffic campaign 2/8/2026 Campaign,Landing page views,0.1883,0.0065,2.8816,1.0,1.0,0.0,0.0,0.0,0.0,0.0,2026-03-09,0.0,0.0,0,0.0,,,5.39,0.0,0,,0,,0,20.0,5.0,15.0,4.0,16.0,456.35,2.55,10103.0,976.0,20.0,10.0,20.0,0.0,470.3,442.4,217.33333333333331,319.1706349206349,141.66666666666666,187.64257369614512,1.0666666666666669,1.6132086167800457,0.8,0.8519841269841271,19.33333333333333,29.07301587301588,21.0,76.1297619047619,0.8666666666666667,0.896825396825397,0.0,0.0,18,0.0,0.0,0.0,0.0,0.0,0.0,0.0,0.0,1439,6.0,7.0,24.3,72.0,1.0,3.4714285714285715,10.285714285714286,183.0,19.0,6,0,6.04,6.654285714285714,31555.0,61043.57142857143,871.0,971.2857142857144,2.7603,2.326571428571429,0.1914,0.1519142857142857,0.0069,0.0068285714285714,295.0,24845.42857142857,0.0,0.0,0.0,0.0,0.0,0.0,0.0,0.0
47,2026-03-16,Monday,1.0,0.0,0.0,0.0,0.0,18.0,0.0,1.0,Tailored web traffic campaign 2/8/2026 Campaign,Landing page views,0.0,0.0,0.0,1.0,1.0,0.0,0.0,0.0,0.0,0.0,2026-03-16,1.0,7000.0,61334,84000.0,Fahim poya,"Reel, Story",0.0,7000.0,1,Fahim poya,0,,0,54.0,10.0,44.0,16.0,38.0,643.6851851851852,4.314814814814815,38511.0,3752.0,53.0,23.0,54.0,0.0,820.0869565217391,512.8064516129032,488.0,350.3730158730159,222.91666666666669,200.3112244897959,1.8,1.6024943310657596,1.0,0.8579365079365081,48.8,32.520634920634926,17.15,15.133333333333336,0.75,0.8730158730158729,0.5,0.0714285714285714,136,0.0,0.0,0.0,0.0,0.0,0.0,0.0,0.0,1575,6.0,7.0,24.3,72.0,1.0,3.4714285714285715,10.285714285714286,183.0,19.0,0,0,5.39,5.968571428571429,28630.0,39145.57142857143,825.0,928.4285714285714,2.8816,2.649885714285714,0.1883,0.1708142857142857,0.0065,0.0064571428571428,294.0,6538.571428571428,0.0,0.0,0.0,0.0,0.0,0.0,0.0,0.0
48,2026-03-17,Tuesday,0.0,0.0,0.0,0.0,0.0,0.0,0.0,0.0,,,0.0,0.0,0.0,1.0,1.0,0.0,0.0,0.0,0.0,0.0,2026-03-16,0.0,0.0,61333,0.0,,,0.0,0.0,1,Fahim poya,0,,0,183.0,19.0,164.0,47.0,136.0,884.2459016393443,5.114754098360656,178767.0,16950.0,162.0,120.0,181.0,2.0,1095.4916666666666,481.8730158730159,696.6666666666666,408.468253968254,213.12222088610977,198.172222031349,2.833333333333333,1.8031746031746032,0.9814814814814816,0.8552910052910053,69.48148148148148,38.30370370370371,16.5,16.061904761904763,0.9074074074074074,0.8597883597883599,0.4259259259259259,0.1322751322751322,292,0.0,0.0,0.0,0.0,0.0,0.0,0.0,3.0,1867,6.0,7.0,24.3,72.0,1.0,3.4714285714285715,10.285714285714286,183.0,19.0,1,0,0.0,5.028571428571429,0.0,27207.571428571428,0.0,785.4285714285714,0.0,2.4787571428571424,0.0,0.1595714285714285,0.0,0.0055142857142857,18.0,280.7142857142857,0.0,0.0,0.0,0.0,0.0,0.0,61334.0,8762.0
49,2026-03-18,Wednesday,0.0,0.0,0.0,0.0,0.0,0.0,0.0,0.0,,,0.0,0.0,0.0,1.0,1.0,0.0,0.0,0.0,0.0,0.0,2026-03-16,0.0,0.0,61333,0.0,,,0.0,0.0,1,Fahim poya,0,,0,44.0,12.0,32.0,22.0,22.0,923.8409090909092,2.0454545454545454,44955.0,4306.0,37.0,21.0,44.0,0.0,1460.2857142857142,434.0434782608696,962.7868852459015,502.7552693208431,271.868718409702,216.26854688352867,1.825136612021858,1.7940671350507418,0.8852459016393442,0.8547705785410704,92.62295081967213,47.44825223349814,14.081967213114757,15.525995316159252,0.8961748633879781,0.8528927053517217,0.6557377049180327,0.2259519472634226,92,0.0,0.0,0.0,0.0,0.0,0.0,0.0,0.0,1959,6.0,7.0,24.3,72.0,1.0,3.4714285714285715,10.285714285714286,183.0,19.0,2,0,0.0,4.232857142857143,0.0,21824.714285714286,0.0,634.8571428571429,0.0,2.079157142857143,0.0,0.1384571428571428,0.0,0.0047571428571428,0.0,221.14285714285717,0.0,0.0,0.0,0.0,0.0,0.0,61333.0,17523.85714285714
50,2026-03-19,Thursday,0.0,0.0,0.0,0.0,0.0,0.0,0.0,0.0,,,0.0,0.0,0.0,1.0,1.0,0.0,0.0,0.0,0.0,0.0,2026-03-16,0.0,0.0,0,0.0,,,0.0,0.0,0,,0,,0,59.0,17.0,42.0,26.0,33.0,568.4915254237288,3.1186440677966103,36430.0,2889.0,43.0,20.0,59.0,0.0,916.85,389.84615384615387,1017.2727272727273,596.294230359804,581.2229437229437,279.04245947886983,1.5454545454545454,1.7529415939252004,0.8409090909090909,0.8439480677185597,97.86363636363636,55.35734314258905,4.431818181818182,13.76625505641899,0.8409090909090909,0.8658797183387347,0.4772727272727273,0.2941337654452408,70,0.0,0.0,0.0,0.0,0.0,0.0,0.0,0.0,2029,6.0,7.0,24.3,72.0,1.0,3.4714285714285715,10.285714285714286,183.0,19.0,3,0,0.0,3.38,0.0,17341.0,0.0,508.4285714285714,0.0,1.6763428571428574,0.0,0.1112857142857143,0.0,0.0038,0.0,180.0,0.0,0.0,0.0,0.0,0.0,0.0,61333.0,26285.714285714286
51,2026-03-20,Friday,0.0,0.0,0.0,0.0,0.0,0.0,0.0,0.0,,,0.0,0.0,0.0,1.0,1.0,0.0,0.0,0.0,0.0,0.0,2026-03-16,0.0,0.0,0,0.0,,,0.0,0.0,0,,0,,0,39.0,14.0,25.0,12.0,27.0,435.5897435897436,2.4615384615384617,16988.0,0.0,2.0,4.0,39.0,0.0,554.0,422.0571428571429,607.2881355932203,623.335392587407,268.5262308313156,260.54620674048635,1.8135593220338984,1.840592925644329,0.7288135593220338,0.8337785761931358,48.96610169491525,56.866786241862656,10.169491525423728,13.24761098862238,0.9661016949152542,0.8896085318980568,0.3389830508474576,0.3425599155663062,55,0.0,0.0,0.0,0.0,0.0,0.0,0.0,0.0,2084,6.0,7.0,24.3,72.0,1.0,3.4714285714285715,10.285714285714286,183.0,19.0,4,1,0.0,2.5614285714285714,0.0,13065.857142857143,0.0,373.8571428571428,0.0,1.226657142857143,0.0,0.0839285714285714,0.0,0.0029285714285714,0.0,131.42857142857142,0.0,0.0,0.0,0.0,0.0,0.0,0.0,26285.714285714286
52,2026-03-21,Saturday,0.0,0.0,0.0,0.0,0.0,0.0,0.0,0.0,,,0.0,0.0,0.0,1.0,1.0,0.0,0.0,0.0,0.0,0.0,2026-03-16,0.0,0.0,0,0.0,,,0.0,0.0,0,,0,,0,39.0,16.0,23.0,21.0,18.0,600.7179487179487,2.641025641025641,23428.0,0.0,1.0,5.0,39.0,0.0,1664.0,444.3529411764706,432.8205128205128,631.7383229903373,183.83721833721836,269.0229522172318,1.7179487179487178,1.8002998853512886,0.0512820512820512,0.7553902978048574,0.0,53.866786241862656,2.769230769230769,12.300358241369633,0.8461538461538461,0.8676305099200349,0.1025641025641025,0.3572119302183208,50,0.0,0.0,0.0,0.0,0.0,2.0,0.0,0.0,2134,6.0,7.0,24.3,72.0,1.0,3.4714285714285715,10.285714285714286,185.0,19.0,5,1,0.0,1.6328571428571428,0.0,8597.857142857143,0.0,242.28571428571428,0.0,0.8059857142857144,0.0,0.0542428571428571,0.0,0.0019142857142857,0.0,86.71428571428571,0.0,0.0,0.0,0.0,0.0,0.0,0.0,26285.714285714286
53,2026-03-22,Sunday,0.0,0.0,0.0,0.0,0.0,0.0,0.0,0.0,,,0.0,0.0,0.0,1.0,1.0,0.0,0.0,0.0,0.0,0.0,2026-03-16,0.0,0.0,0,0.0,,,0.0,0.0,0,,0,,0,31.0,14.0,17.0,9.0,22.0,216.74193548387095,2.096774193548387,6719.0,0.0,1.0,5.0,31.0,0.0,186.0,222.65384615384616,597.9487179487179,686.1119493639637,242.8760683760684,283.48143817571776,1.641025641025641,1.8823511674025704,0.0256410256410256,0.6447675871821469,0.0,51.10488147995789,2.769230769230769,9.695962636974029,0.8974358974358975,0.8720261143156393,0.1282051282051282,0.3755269485333392,18,0.0,0.0,0.0,0.0,0.0,0.0,0.0,1.0,2152,6.0,7.0,24.3,72.0,1.0,3.4714285714285715,10.285714285714286,185.0,19.0,6,0,0.0,0.7699999999999999,0.0,4090.0,0.0,117.85714285714286,0.0,0.4116571428571429,0.0,0.0269,0.0,0.0009285714285714,0.0,44.57142857142857,0.0,0.0,0.0,0.0,0.0,0.0,0.0,26285.714285714286
54,2026-03-23,Monday,0.0,0.0,0.0,0.0,0.0,0.0,0.0,0.0,,,0.0,0.0,0.0,1.0,1.0,0.0,0.0,0.0,0.0,0.0,2026-03-23,0.0,0.0,0,0.0,,,0.0,0.0,0,,0,,0,18.0,11.0,7.0,1.0,17.0,271.1111111111111,2.0,4880.0,0.0,0.0,1.0,18.0,0.0,2350.0,148.8235294117647,212.9032258064516,646.8124101934569,107.58064516129032,267.0048636749497,1.5161290322580645,1.8417981720108652,0.032258064516129,0.5065187392558796,0.0,44.13345290852932,3.838709677419355,7.794349733748223,0.9032258064516128,0.8939155152372981,0.1612903225806451,0.3271398517591457,24,0.0,0.0,0.0,0.0,0.0,1.0,1.0,0.0,2176,6.0,7.0,24.3,72.0,1.0,3.4714285714285715,10.285714285714286,186.0,20.0,0,0,0.0,0.0,0.0,0.0,0.0,0.0,0.0,0.0,0.0,0.0,0.0,0.0,0.0,2.571428571428572,0.0,0.0,0.0,0.0,0.0,0.0,0.0,26285.714285714286
55,2026-03-24,Tuesday,0.0,0.0,0.0,0.0,0.0,0.0,0.0,0.0,,,0.0,0.0,0.0,1.0,1.0,0.0,0.0,0.0,0.0,0.0,2026-03-23,0.0,0.0,0,0.0,,,0.0,0.0,0,,0,,0,12.0,2.0,10.0,4.0,8.0,184.5,1.5,2214.0,0.0,0.0,3.0,12.0,0.0,220.0,172.66666666666666,271.1111111111111,586.0187593998061,105.87962962962962,251.68449349545256,1.7222222222222223,1.6830680132807068,0.0,0.3663070990442393,0.0,34.2075269826034,0.0,5.437206876605366,0.8333333333333334,0.8833335046552876,0.0555555555555555,0.2742297988490927,16,0.0,0.0,0.0,0.0,0.0,0.0,0.0,1.0,2192,6.0,7.0,24.3,72.0,1.0,3.4714285714285715,10.285714285714286,186.0,20.0,1,0,0.0,0.0,0.0,0.0,0.0,0.0,0.0,0.0,0.0,0.0,0.0,0.0,0.0,0.0,0.0,0.0,0.0,0.0,0.0,0.0,0.0,17523.714285714286
56,2026-03-25,Wednesday,0.0,0.0,0.0,0.0,0.0,0.0,0.0,0.0,,,0.0,0.0,0.0,1.0,1.0,0.0,0.0,0.0,0.0,0.0,2026-03-23,0.0,0.0,0,0.0,,,0.0,0.0,0,,0,,0,38.0,10.0,28.0,8.0,30.0,337.3684210526316,2.763157894736842,12820.0,0.0,0.0,3.0,38.0,0.0,282.0,342.1142857142857,184.16666666666663,474.7872996027726,133.33333333333334,231.8937241988285,1.25,1.600905640134727,0.0,0.2398433988100473,0.0,20.97567686550738,0.3333333333333333,3.4731163223508768,1.0,0.8981656670284337,0.25,0.216267269575088,35,0.0,0.0,0.0,0.0,0.0,1.0,0.0,0.0,2227,6.0,7.0,24.3,72.0,1.0,3.4714285714285715,10.285714285714286,187.0,20.0,2,0,0.0,0.0,0.0,0.0,0.0,0.0,0.0,0.0,0.0,0.0,0.0,0.0,0.0,0.0,0.0,0.0,0.0,0.0,0.0,0.0,0.0,8761.857142857143
57,2026-03-26,Thursday,0.0,0.0,0.0,0.0,0.0,0.0,0.0,0.0,,,0.0,0.0,0.0,1.0,1.0,0.0,0.0,0.0,0.0,0.0,2026-03-23,0.0,0.0,0,0.0,,,0.0,0.0,0,,0,,0,34.0,12.0,22.0,7.0,27.0,605.1764705882352,3.323529411764706,20598.0,22.0,1.0,9.0,34.0,0.0,1328.888888888889,344.64,325.5263157894737,375.9663836765935,162.65413533834587,172.0981801438859,1.2894736842105263,1.5643369456712957,0.0,0.1197135286801771,0.0,6.995157384987901,11.842105263157896,4.531728762542264,0.8157894736842105,0.8945771502820222,0.0789473684210526,0.1593636468819916,14,0.0,0.0,0.0,0.0,0.0,0.0,0.0,0.0,2241,6.0,7.0,24.3,72.0,1.0,3.4714285714285715,10.285714285714286,187.0,20.0,3,0,0.0,0.0,0.0,0.0,0.0,0.0,0.0,0.0,0.0,0.0,0.0,0.0,0.0,0.0,0.0,0.0,0.0,0.0,0.0,0.0,0.0,0.0
58,2026-03-27,Friday,0.0,0.0,0.0,0.0,0.0,0.0,0.0,0.0,,,0.0,0.0,0.0,1.0,1.0,0.0,0.0,0.0,0.0,0.0,2026-03-23,0.0,0.0,0,0.0,,,0.0,0.0,0,,0,,0,13.0,5.0,8.0,3.0,10.0,293.61538461538464,1.9230769230769231,3817.0,0.0,0.0,2.0,13.0,0.0,800.0,201.54545454545453,600.8823529411765,375.0512718691586,210.90441176470588,163.8664917057988,1.911764705882353,1.5783662862210748,0.0294117647058823,0.0197989865921555,0.6470588235294118,0.092436974789924,4.941176470588236,3.78482661185148,0.7941176470588235,0.8700080005882463,0.2647058823529412,0.1487526228113464,16,0.0,0.0,0.0,0.0,0.0,0.0,0.0,0.0,2257,6.0,7.0,24.3,72.0,1.0,3.4714285714285715,10.285714285714286,187.0,20.0,4,1,0.0,0.0,0.0,0.0,0.0,0.0,0.0,0.0,0.0,0.0,0.0,0.0,0.0,0.0,0.0,0.0,0.0,0.0,0.0,0.0,0.0,0.0
59,2026-03-28,Saturday,0.0,0.0,0.0,0.0,0.0,0.0,0.0,0.0,,,0.0,0.0,0.0,1.0,1.0,0.0,0.0,0.0,0.0,0.0,2026-03-23,0.0,0.0,0,0.0,,,0.0,0.0,0,,0,,0,15.0,4.0,11.0,2.0,13.0,275.3333333333333,2.8666666666666667,4130.0,0.0,0.0,2.0,15.0,0.0,273.5,275.61538461538464,284.2307692307692,353.8241656420524,228.3653846153846,170.22765831696543,1.0769230769230769,1.4867911946459833,0.0,0.0124729792661482,0.0,0.092436974789924,9.384615384615383,4.729881556906425,1.0,0.8919860225662682,0.1538461538461538,0.1560786301373538,14,1.0,1.0,15.0,0.0,2.0,34.0,5.0,0.0,2271,7.0,9.0,25.3,87.0,1.0,2.811111111111112,9.666666666666666,221.0,25.0,5,1,0.0,0.0,0.0,0.0,0.0,0.0,0.0,0.0,0.0,0.0,0.0,0.0,0.0,0.0,0.0,0.0,0.0,0.0,0.0,0.0,0.0,0.0
60,2026-03-29,Sunday,0.0,0.0,0.0,0.0,0.0,0.0,0.0,0.0,,,0.0,0.0,0.0,1.0,1.0,0.0,0.0,0.0,0.0,0.0,2026-03-23,0.0,0.0,0,0.0,,,0.0,0.0,0,,0,,0,26.0,8.0,18.0,3.0,23.0,523.7692307692307,2.269230769230769,14188.0,570.0,17.0,11.0,26.0,0.0,926.0,228.8,270.6666666666667,307.06958688747363,117.49444444444444,152.31599775530486,2.0,1.5380732459280348,0.0,0.0088099756031445,0.0,0.092436974789924,4.666666666666667,5.000943827968697,0.8,0.8780666086468544,0.1333333333333333,0.1568112308699545,20,0.0,0.0,0.0,0.0,0.0,1.0,0.0,0.0,2291,7.0,9.0,25.3,87.0,1.0,2.811111111111112,9.666666666666666,222.0,25.0,6,0,0.0,0.0,0.0,0.0,0.0,0.0,0.0,0.0,0.0,0.0,0.0,0.0,0.0,0.0,0.0,0.0,0.0,0.0,0.0,0.0,0.0,0.0
61,2026-03-30,Monday,0.0,0.0,0.0,0.0,0.0,0.0,0.0,0.0,,,0.0,0.0,0.0,1.0,1.0,0.0,0.0,0.0,0.0,0.0,2026-03-30,0.0,0.0,0,0.0,,,0.0,0.0,0,,0,,0,24.0,6.0,18.0,4.0,20.0,607.7083333333334,2.833333333333333,15698.0,1113.0,13.0,6.0,24.0,0.0,992.6666666666666,479.3888888888889,537.6923076923077,353.46802715688165,279.1758241758242,176.82959475738113,1.4230769230769231,1.524780087473586,0.6538461538461539,0.0976082740788624,21.923076923076923,3.2243051066580564,8.0,5.595413874051645,0.9230769230769232,0.8809024824504702,0.4230769230769231,0.194209316655137,19,0.0,0.0,0.0,0.0,0.0,0.0,0.0,0.0,2310,7.0,9.0,25.3,87.0,1.0,2.811111111111112,9.666666666666666,222.0,25.0,0,0,0.0,0.0,0.0,0.0,0.0,0.0,0.0,0.0,0.0,0.0,0.0,0.0,0.0,0.0,0.0,0.0,0.0,0.0,0.0,0.0,0.0,0.0
62,2026-03-31,Tuesday,0.0,0.0,0.0,0.0,0.0,0.0,0.0,0.0,,,0.0,0.0,0.0,1.0,1.0,0.0,0.0,0.0,0.0,0.0,2026-03-30,0.0,0.0,0,0.0,,,0.0,0.0,0,,0,,0,14.0,6.0,8.0,4.0,10.0,287.92857142857144,2.4285714285714284,4143.0,112.0,7.0,1.0,14.0,0.0,200.0,294.6923076923077,647.0833333333334,407.1783446171991,354.4444444444444,212.3388540166404,1.0833333333333333,1.4335102462037448,0.5416666666666666,0.1749892264598147,46.375,9.849305106658056,7.0,6.595413874051645,0.7083333333333334,0.8630453395933272,0.25,0.2219870944329148,9,0.0,0.0,0.0,0.0,0.0,40.0,0.0,0.0,2319,7.0,9.0,25.3,87.0,1.0,2.811111111111112,9.666666666666666,262.0,25.0,1,0,0.0,0.0,0.0,0.0,0.0,0.0,0.0,0.0,0.0,0.0,0.0,0.0,0.0,0.0,0.0,0.0,0.0,0.0,0.0,0.0,0.0,0.0
63,2026-04-01,Wednesday,0.0,0.0,0.0,0.0,0.0,0.0,0.0,0.0,,,0.0,0.0,0.0,1.0,1.0,0.0,0.0,0.0,0.0,0.0,2026-03-30,0.0,0.0,0,0.0,,,0.0,0.0,0,,0,,0,16.0,4.0,12.0,4.0,12.0,283.375,1.8125,4700.0,166.0,7.0,3.0,16.0,0.0,597.0,211.0,292.1428571428572,422.6035146852264,133.0952380952381,212.3048404111982,1.2142857142857142,1.428408205387418,0.5,0.2464177978883862,8.0,10.9921622495152,3.7857142857142856,7.088611152963209,0.5714285714285714,0.8018208497974088,0.0714285714285714,0.1964768903512821,14,1.0,0.0,10.0,0.0,1.0,14.0,1.0,0.0,2333,8.0,10.0,25.3,97.0,1.0,2.53,9.7,276.0,26.0,2,0,0.0,0.0,0.0,0.0,0.0,0.0,0.0,0.0,0.0,0.0,0.0,0.0,0.0,0.0,0.0,0.0,0.0,0.0,0.0,0.0,0.0,0.0
64,2026-04-02,Thursday,0.0,0.0,0.0,0.0,0.0,0.0,0.0,0.0,,,0.0,0.0,0.0,1.0,1.0,0.0,0.0,0.0,0.0,0.0,2026-03-30,0.0,0.0,0,0.0,,,0.0,0.0,0,,0,,0,7.0,2.0,5.0,2.0,5.0,437.57142857142856,2.571428571428572,3262.0,199.0,4.0,1.0,7.0,0.0,405.0,443.0,280.0,416.0997552867301,213.59375,219.58192822000595,1.5,1.458483393357343,0.4375,0.3089177978883862,10.375,12.474305106658056,13.75,7.3611675439406525,0.9375,0.8192080678425216,0.1875,0.2119844091482746,10,0.0,0.0,0.0,0.0,0.0,0.0,0.0,0.0,2343,8.0,10.0,25.3,97.0,1.0,2.53,9.7,276.0,26.0,3,0,0.0,0.0,0.0,0.0,0.0,0.0,0.0,0.0,0.0,0.0,0.0,0.0,0.0,0.0,0.0,0.0,0.0,0.0,0.0,0.0,0.0,0.0
65,2026-04-03,Friday,0.0,0.0,0.0,0.0,0.0,0.0,0.0,0.0,,,0.0,0.0,0.0,1.0,1.0,0.0,0.0,0.0,0.0,0.0,2026-03-30,0.0,0.0,0,0.0,,,0.0,0.0,0,,0,,0,15.0,6.0,9.0,4.0,11.0,373.06666666666666,1.8666666666666667,5627.0,31.0,2.0,2.0,15.0,0.0,1270.0,235.07692307692307,425.7142857142857,391.0757456828886,228.57142857142856,222.10578776382343,1.7142857142857142,1.4302721088435375,0.5714285714285714,0.3863487702773417,28.428571428571427,16.44309262166406,40.285714285714285,12.410387231815804,1.0,0.8486198325484039,0.1428571428571428,0.1945774463631606,14,0.0,0.0,0.0,0.0,0.0,0.0,0.0,0.0,2357,8.0,10.0,25.3,97.0,1.0,2.53,9.7,276.0,26.0,4,1,0.0,0.0,0.0,0.0,0.0,0.0,0.0,0.0,0.0,0.0,0.0,0.0,0.0,0.0,0.0,0.0,0.0,0.0,0.0,0.0,0.0,0.0
66,2026-04-04,Saturday,1.0,4.37,26255.0,21974.0,264.0,28.0,0.0,1.0,Install compaign,Mobile app installs,0.1664,0.0166,1.0055,1.0,1.0,0.0,0.0,0.0,0.0,0.0,2026-03-30,0.0,0.0,0,0.0,,,4.37,0.0,0,,0,,0,24.0,6.0,18.0,4.0,20.0,385.0416666666667,2.208333333333333,9399.0,158.0,7.0,8.0,24.0,0.0,735.875,209.625,362.6666666666667,402.2808738880168,210.16666666666663,219.5059709140066,1.3333333333333333,1.466902145473574,0.1333333333333333,0.4053963893249608,2.066666666666667,16.738330716902155,12.466666666666669,12.850680272108844,0.9333333333333332,0.8390960230245944,0.1333333333333333,0.1916470434327577,25,1.0,5.0,10.0,1.0,1.0,69.0,4.0,0.0,2382,9.0,11.0,30.3,107.0,2.0,2.7545454545454544,9.727272727272728,345.0,30.0,5,1,0.0,0.0,0.0,0.0,0.0,0.0,0.0,0.0,0.0,0.0,0.0,0.0,0.0,0.0,0.0,0.0,0.0,0.0,0.0,0.0,0.0,0.0
67,2026-04-05,Sunday,1.0,14.09,36887.0,25653.0,273.0,31.0,0.0,2.0,Broad Afghan Diaspora | Install compaign,Mobile app installs,0.382,0.0516,0.7401,1.0,1.0,0.0,0.0,0.0,0.0,0.0,2026-03-30,0.0,0.0,0,0.0,,,14.09,0.0,0,,0,,0,20.0,6.0,14.0,4.0,16.0,383.55,2.25,7717.0,46.0,2.0,2.0,20.0,0.0,269.5,396.22222222222223,385.2083333333333,418.643969126112,188.06051587301587,229.58683826094537,1.8333333333333333,1.4430926216640505,0.2916666666666667,0.4470630559916275,6.583333333333333,17.678806907378345,6.416666666666667,13.100680272108844,1.0,0.867667451596023,0.3333333333333333,0.2202184720041863,18,0.0,0.0,0.0,0.0,0.0,7.0,0.0,0.0,2400,9.0,11.0,30.3,107.0,2.0,2.7545454545454544,9.727272727272728,352.0,30.0,6,0,4.37,0.6242857142857143,26255.0,3750.714285714286,264.0,37.71428571428572,1.0055,0.1436428571428571,0.1664,0.0237714285714285,0.0166,0.0023714285714285,28.0,4.0,0.0,0.0,0.0,0.0,0.0,0.0,0.0,0.0
68,2026-04-06,Monday,1.0,9.58,17783.0,14721.0,180.0,39.0,0.0,2.0,Broad Afghan Diaspora | Install compaign,Mobile app installs,0.5387,0.0532,1.0122,1.0,1.0,0.0,0.0,0.0,0.0,0.0,2026-04-06,0.0,0.0,0,0.0,,,9.58,0.0,0,,0,,0,6.0,4.0,2.0,2.0,4.0,151.83333333333334,2.0,911.0,0.0,0.0,0.0,6.0,0.0,0.0,151.83333333333334,377.5,395.75935374149657,227.1625,222.1563633786848,1.65,1.4755102040816328,0.1,0.3679421768707484,2.3,14.87551020408164,8.35,13.150680272108843,0.6,0.8215136054421768,0.1,0.1740646258503401,23,1.0,0.0,10.0,0.0,1.0,15.0,1.0,1.0,2423,10.0,12.0,30.3,117.0,2.0,2.525,9.75,367.0,31.0,0,0,14.09,2.637142857142857,36887.0,9020.285714285714,273.0,76.71428571428571,0.7401,0.2493714285714285,0.382,0.0783428571428571,0.0516,0.0097428571428571,31.0,8.428571428571429,0.0,0.0,0.0,0.0,0.0,0.0,0.0,0.0
69,2026-04-07,Tuesday,0.0,0.0,0.0,0.0,0.0,0.0,0.0,0.0,,,0.0,0.0,0.0,1.0,1.0,0.0,0.0,0.0,0.0,0.0,2026-04-06,0.0,0.0,0,0.0,,,0.0,0.0,0,,0,,0,7.0,1.0,6.0,1.0,6.0,419.4285714285714,2.571428571428572,2936.0,0.0,0.0,0.0,7.0,0.0,0.0,419.4285714285714,148.33333333333334,324.50935374149657,98.33333333333331,185.56906179138323,1.1666666666666667,1.4874149659863944,0.0,0.290561224489796,0.0,8.25051020408164,3.5,12.650680272108843,1.0,0.8631802721088435,0.0,0.1383503401360544,16,1.0,0.0,10.0,0.0,1.0,44.0,1.0,0.0,2439,11.0,13.0,30.3,127.0,2.0,2.330769230769231,9.76923076923077,411.0,32.0,1,0,9.58,4.005714285714285,17783.0,11560.714285714286,180.0,102.42857142857144,1.0122,0.3939714285714286,0.5387,0.1553,0.0532,0.0173428571428571,39.0,14.0,0.0,0.0,0.0,0.0,0.0,0.0,0.0,0.0
70,2026-04-08,Wednesday,0.0,0.0,0.0,0.0,0.0,0.0,0.0,0.0,,,0.0,0.0,0.0,1.0,1.0,0.0,0.0,0.0,0.0,0.0,2026-04-06,0.0,0.0,0,0.0,,,0.0,0.0,0,,0,,0,17.0,10.0,7.0,7.0,10.0,332.05882352941177,1.6470588235294117,5778.0,133.0,5.0,7.0,17.0,0.0,513.5714285714286,205.0,414.2857142857143,341.95833333333337,234.28571428571428,200.0248441043084,1.2857142857142858,1.4976190476190478,0.0,0.2191326530612245,0.0,7.1076530612244975,5.142857142857143,12.844557823129252,0.8571428571428571,0.9039965986394558,0.0,0.1281462585034013,14,0.0,0.0,0.0,0.0,0.0,16.0,1.0,0.0,2453,11.0,13.0,30.3,127.0,2.0,2.330769230769231,9.76923076923077,427.0,33.0,2,0,0.0,4.005714285714285,0.0,11560.714285714286,0.0,102.42857142857144,0.0,0.3939714285714286,0.0,0.1553,0.0,0.0173428571428571,0.0,14.0,0.0,0.0,0.0,0.0,0.0,0.0,0.0,0.0
71,2026-04-09,Thursday,0.0,0.0,0.0,0.0,0.0,0.0,0.0,0.0,,,0.0,0.0,0.0,1.0,1.0,0.0,0.0,0.0,0.0,0.0,2026-04-06,1.0,5000.0,13334,15000.0,mehran heray,"Reel, Story",0.0,5000.0,1,mehran heray,0,,0,21.0,6.0,15.0,5.0,16.0,749.047619047619,2.238095238095238,15945.0,215.0,4.0,11.0,21.0,0.0,1054.6363636363635,412.9,327.6470588235294,348.76505602240894,257.7647058823529,206.33498065893025,1.2352941176470589,1.4598039215686274,0.2941176470588235,0.1986494597839136,7.823529411764706,6.74315726290517,12.235294117647058,12.628171268507405,0.8235294117647058,0.8877150860344137,0.4117647058823529,0.1601840736294517,21,0.0,0.0,0.0,0.0,0.0,0.0,0.0,1.0,2474,11.0,13.0,30.3,127.0,2.0,2.330769230769231,9.76923076923077,427.0,33.0,3,0,0.0,4.005714285714285,0.0,11560.714285714286,0.0,102.42857142857144,0.0,0.3939714285714286,0.0,0.1553,0.0,0.0173428571428571,0.0,14.0,0.0,0.0,0.0,0.0,0.0,0.0,0.0,0.0
72,2026-04-10,Friday,0.0,0.0,0.0,0.0,0.0,0.0,0.0,0.0,,,0.0,0.0,0.0,1.0,1.0,0.0,0.0,0.0,0.0,0.0,2026-04-06,0.0,0.0,13333,0.0,,,0.0,0.0,1,mehran heray,0,,0,15.0,5.0,10.0,5.0,10.0,575.2666666666667,3.2666666666666666,8629.0,0.0,0.0,6.0,15.0,0.0,1122.0,210.77777777777777,750.952380952381,395.2276410564226,409.2460317460317,232.1456382553021,1.8571428571428568,1.4802120848339335,0.1904761904761904,0.1442276910764306,10.238095238095235,4.144517807122857,8.333333333333334,8.063545418167267,1.0,0.8877150860344137,0.5238095238095238,0.2146058423369347,32,0.0,0.0,0.0,0.0,0.0,1.0,0.0,0.0,2506,11.0,13.0,30.3,127.0,2.0,2.330769230769231,9.76923076923077,428.0,33.0,4,1,0.0,4.005714285714285,0.0,11560.714285714286,0.0,102.42857142857144,0.0,0.3939714285714286,0.0,0.1553,0.0,0.0173428571428571,0.0,14.0,0.0,0.0,0.0,0.0,0.0,0.0,13334.0,1904.857142857143
73,2026-04-11,Saturday,0.0,0.0,0.0,0.0,0.0,0.0,0.0,0.0,,,0.0,0.0,0.0,1.0,1.0,0.0,0.0,0.0,0.0,0.0,2026-04-06,0.0,0.0,13333,0.0,,,0.0,0.0,1,mehran heray,0,,0,18.0,4.0,14.0,6.0,12.0,756.1666666666666,4.0,13924.0,313.0,3.0,14.0,18.0,0.0,876.7857142857143,334.0,562.6666666666666,423.7990696278512,175.74973544973545,227.2289337957405,2.533333333333333,1.651640656262505,0.0,0.1251800720288116,0.0,3.849279711884762,12.6,8.082593037214886,0.9333333333333332,0.8877150860344137,0.4,0.2527010804321729,35,0.0,0.0,0.0,0.0,0.0,0.0,0.0,0.0,2541,11.0,13.0,30.3,127.0,2.0,2.330769230769231,9.76923076923077,428.0,33.0,5,1,0.0,4.005714285714285,0.0,11560.714285714286,0.0,102.42857142857144,0.0,0.3939714285714286,0.0,0.1553,0.0,0.0173428571428571,0.0,14.0,0.0,0.0,0.0,0.0,0.0,0.0,13333.0,3809.571428571429
74,2026-04-12,Sunday,0.0,0.0,0.0,0.0,0.0,0.0,0.0,0.0,,,0.0,0.0,0.0,1.0,1.0,0.0,0.0,0.0,0.0,0.0,2026-04-06,0.0,0.0,0,0.0,,,0.0,0.0,0,,0,,0,27.0,13.0,14.0,3.0,24.0,335.51851851851853,1.8148148148148149,9119.0,60.0,2.0,4.0,27.0,0.0,793.0,255.95652173913044,764.4444444444445,477.97565692943846,400.27777777777777,257.5456854964208,1.5,1.604021608643457,0.1666666666666666,0.1073229291716687,17.38888888888889,5.392930505535555,9.11111111111111,8.46751367213552,0.8888888888888888,0.8718420701613978,0.7777777777777778,0.3161931439242363,34,0.0,0.0,0.0,0.0,0.0,0.0,0.0,0.0,2575,11.0,13.0,30.3,127.0,2.0,2.330769230769231,9.76923076923077,428.0,33.0,6,0,0.0,3.381428571428572,0.0,7810.0,0.0,64.71428571428571,0.0,0.2503285714285714,0.0,0.1315285714285714,0.0,0.0149714285714285,0.0,10.0,0.0,0.0,0.0,0.0,0.0,0.0,13333.0,5714.285714285715
75,2026-04-13,Monday,1.0,17.5,2747.0,2611.0,48.0,9.0,0.0,1.0,Broad Afghan Diaspora,Mobile app installs,6.3706,0.3646,1.7474,1.0,1.0,0.0,0.0,0.0,0.0,0.0,2026-04-13,0.0,0.0,0,0.0,,,17.5,0.0,0,,0,,0,37.0,26.0,11.0,5.0,32.0,251.8108108108108,1.8108108108108107,9356.0,39.0,1.0,8.0,37.0,0.0,411.25,207.8275862068965,331.85185185185185,471.4544929082744,231.4814814814815,258.1626828509181,1.1851851851851851,1.5376194922413409,0.074074074074074,0.103619225467965,2.2222222222222223,5.381819394424445,5.888888888888889,8.11592637054822,0.4444444444444444,0.8496198479391757,0.1481481481481481,0.3230714508025433,36,1.0,0.0,10.0,0.0,1.0,20.0,4.0,0.0,2611,12.0,14.0,30.3,137.0,2.0,2.164285714285714,9.785714285714286,448.0,37.0,0,0,0.0,1.3685714285714283,0.0,2540.428571428572,0.0,25.714285714285715,0.0,0.1446,0.0,0.0769571428571428,0.0,0.0076,0.0,5.571428571428571,0.0,0.0,0.0,0.0,0.0,0.0,0.0,5714.285714285715
76,2026-04-14,Tuesday,1.0,23.77,62655.0,43767.0,426.0,40.0,0.0,2.0,Broad Afghan Diaspora | Install compaign,Mobile app installs,0.3794,0.0558,0.6799,1.0,1.0,0.0,0.0,0.0,0.0,0.0,2026-04-13,0.0,0.0,0,0.0,,,23.77,0.0,0,,0,,0,31.0,4.0,27.0,8.0,23.0,607.1612903225806,2.161290322580645,18905.0,83.0,3.0,19.0,31.0,0.0,680.578947368421,490.9166666666667,249.45945945945945,485.90108235486383,168.6936936936937,268.2141629023982,1.0810810810810811,1.5253929800148287,0.027027027027027,0.1074802293289689,1.054054054054054,5.532398545003595,3.4054054054054053,8.102412857034706,0.4054054054054054,0.7646777629970908,0.2162162162162162,0.3539594816905741,28,0.0,0.0,0.0,0.0,0.0,22.0,3.0,0.0,2639,12.0,14.0,30.3,137.0,2.0,2.164285714285714,9.785714285714286,470.0,40.0,1,0,17.5,2.5,2747.0,392.4285714285714,48.0,6.857142857142857,1.7474,0.2496285714285714,6.3706,0.9100857142857144,0.3646,0.0520857142857142,9.0,1.2857142857142858,0.0,0.0,0.0,0.0,0.0,0.0,0.0,5714.285714285715
77,2026-04-15,Wednesday,1.0,10.38,2187.0,1922.0,75.0,29.0,0.0,2.0,Broad Afghan Diaspora | Install compaign,Mobile app installs,4.7462,0.1384,3.4294,1.0,1.0,0.0,0.0,0.0,0.0,0.0,2026-04-13,0.0,0.0,0,0.0,,,10.38,0.0,0,,0,,0,67.0,12.0,55.0,8.0,59.0,516.4029850746268,2.955223880597015,35109.0,510.0,8.0,44.0,67.0,0.0,558.3181818181819,436.2173913043478,600.9677419354839,512.569943447688,342.95238095238096,283.7379724262077,1.8387096774193548,1.6043923216869815,0.0967741935483871,0.1213051141215956,2.677419354838709,5.914887024266268,8.870967741935484,8.635000085474468,0.967741935483871,0.7804776313315213,0.6129032258064516,0.4415170853772101,28,1.0,0.0,10.0,0.0,1.0,32.0,3.0,0.0,2667,13.0,15.0,30.3,147.0,2.0,2.02,9.8,502.0,43.0,2,0,23.77,5.895714285714285,62655.0,9343.142857142857,426.0,67.71428571428571,0.6799,0.3467571428571428,0.3794,0.9642857142857144,0.0558,0.0600571428571428,40.0,7.0,0.0,0.0,0.0,0.0,0.0,0.0,0.0,5714.285714285715
78,2026-04-16,Thursday,0.0,0.0,0.0,0.0,0.0,0.0,0.0,0.0,,,0.0,0.0,0.0,1.0,1.0,0.0,0.0,0.0,0.0,0.0,2026-04-13,0.0,0.0,0,0.0,,,0.0,0.0,0,,0,,0,42.0,7.0,35.0,6.0,36.0,450.6190476190476,2.3095238095238093,19743.0,817.0,6.0,27.0,42.0,0.0,317.4074074074074,690.4,514.776119402985,539.3026663876103,212.2773631840796,277.23978061216866,2.2238805970149254,1.7456189615966768,0.1194029850746268,0.0963458766952818,7.611940298507463,5.884660008086661,9.238805970149254,8.20693035011764,0.8805970149253731,0.7886301460687595,0.6567164179104478,0.4765101870955093,20,0.0,0.0,0.0,0.0,0.0,0.0,0.0,2.0,2687,13.0,15.0,30.3,147.0,2.0,2.02,9.8,502.0,43.0,3,0,10.38,7.378571428571428,2187.0,9655.57142857143,75.0,78.42857142857143,3.4294,0.8366714285714286,4.7462,1.6423142857142856,0.1384,0.0798285714285714,29.0,11.142857142857142,0.0,0.0,0.0,0.0,0.0,0.0,0.0,5714.285714285715
79,2026-04-17,Friday,0.0,0.0,0.0,0.0,0.0,0.0,0.0,0.0,,,0.0,0.0,0.0,1.0,1.0,0.0,0.0,0.0,0.0,0.0,2026-04-13,0.0,0.0,0,0.0,,,0.0,0.0,0,,0,,0,53.0,4.0,49.0,6.0,47.0,688.4150943396227,3.641509433962264,36516.0,30.0,1.0,45.0,53.0,0.0,677.8444444444444,747.875,457.3809523809524,497.36389087740616,230.515873015873,251.70690079357456,1.3571428571428572,1.6741903901681052,0.1428571428571428,0.0895431556068464,19.452380952380956,7.200986538698907,12.69047619047619,8.829379329709477,0.8809523809523809,0.771623343347671,0.6428571428571429,0.4935169898165978,15,0.0,0.0,0.0,0.0,0.0,3.0,0.0,0.0,2702,13.0,15.0,30.3,147.0,2.0,2.02,9.8,505.0,43.0,4,1,0.0,7.378571428571428,0.0,9655.57142857143,0.0,78.42857142857143,0.0,0.8366714285714286,0.0,1.6423142857142856,0.0,0.0798285714285714,0.0,11.142857142857142,0.0,0.0,0.0,0.0,0.0,0.0,0.0,3809.428571428572
80,2026-04-18,Saturday,0.0,0.0,0.0,0.0,0.0,0.0,0.0,0.0,,,0.0,0.0,0.0,1.0,1.0,0.0,0.0,0.0,0.0,0.0,2026-04-13,0.0,0.0,0,0.0,,,0.0,0.0,0,,0,,0,24.0,6.0,18.0,3.0,21.0,422.0,2.0,10175.0,47.0,3.0,13.0,24.0,0.0,516.4615384615385,310.3636363636364,682.2641509433962,514.4492457740819,242.5907457322552,261.25561654822025,2.39622641509434,1.6546036875625347,0.0188679245283018,0.0922385733966038,0.5660377358490566,7.281849072391629,6.716981132075472,7.988948062863115,1.0,0.7811471528714805,0.8490566037735849,0.5576679332128242,18,0.0,0.0,0.0,0.0,0.0,52.0,5.0,1.0,2720,13.0,15.0,30.3,147.0,2.0,2.02,9.8,557.0,48.0,5,1,0.0,7.378571428571428,0.0,9655.57142857143,0.0,78.42857142857143,0.0,0.8366714285714286,0.0,1.6423142857142856,0.0,0.0798285714285714,0.0,11.142857142857142,0.0,0.0,0.0,0.0,0.0,0.0,0.0,1904.7142857142856
81,2026-04-19,Sunday,0.0,0.0,0.0,0.0,0.0,0.0,0.0,0.0,,,0.0,0.0,0.0,1.0,1.0,0.0,0.0,0.0,0.0,0.0,2026-04-13,1.0,5000.0,44667,80000.0,online book store,"Reel, Story",0.0,5000.0,1,online book store,0,,0,82.0,9.0,73.0,32.0,50.0,857.5731707317074,3.073170731707317,71105.0,784.0,9.0,60.0,82.0,0.0,1000.0333333333332,469.04545454545456,411.6666666666667,464.0524203772565,257.77777777777777,240.8984736910774,1.5,1.6546036875625347,0.125,0.0862861924442229,1.9583333333333333,5.07748399302655,12.291666666666666,8.443313142228195,0.9583333333333334,0.7910677877921154,0.5416666666666666,0.5239377744826654,81,0.0,0.0,0.0,0.0,0.0,0.0,0.0,0.0,2801,13.0,15.0,30.3,147.0,2.0,2.02,9.8,557.0,48.0,6,0,0.0,7.378571428571428,0.0,9655.57142857143,0.0,78.42857142857143,0.0,0.8366714285714286,0.0,1.6423142857142856,0.0,0.0798285714285714,0.0,11.142857142857142,0.0,0.0,0.0,0.0,0.0,0.0,0.0,0.0
82,2026-04-20,Monday,0.0,0.0,0.0,0.0,0.0,0.0,0.0,0.0,,,0.0,0.0,0.0,1.0,1.0,0.0,0.0,0.0,0.0,0.0,2026-04-20,0.0,0.0,44667,0.0,,,0.0,0.0,1,online book store,0,,0,75.0,11.0,64.0,14.0,61.0,581.04,2.7066666666666666,43616.0,38.0,2.0,60.0,75.0,0.0,660.7333333333333,262.26666666666665,858.4146341463414,539.2756749907551,415.0630081300813,267.1244060694488,1.7682926829268293,1.7379047586684842,0.1097560975609756,0.0913836243709231,9.560975609756095,6.125877334102817,8.71951219512195,8.847687900261489,0.8658536585365854,0.8512691040909928,0.7317073170731707,0.6073033700433829,1633,0.0,0.0,0.0,0.0,0.0,12.0,0.0,1.0,4434,13.0,15.0,30.3,147.0,2.0,2.02,9.8,569.0,48.0,0,0,0.0,7.378571428571428,0.0,9655.57142857143,0.0,78.42857142857143,0.0,0.8366714285714286,0.0,1.6423142857142856,0.0,0.0798285714285714,0.0,11.142857142857142,0.0,0.0,0.0,0.0,0.0,0.0,44667.0,6381.0
83,2026-04-21,Tuesday,0.0,0.0,0.0,0.0,0.0,0.0,0.0,0.0,,,0.0,0.0,0.0,1.0,1.0,0.0,0.0,0.0,0.0,0.0,2026-04-20,0.0,0.0,44666,0.0,,,0.0,0.0,1,online book store,0,,0,28.0,13.0,15.0,8.0,20.0,870.25,3.392857142857143,24367.0,0.0,0.0,19.0,28.0,0.0,1050.1052631578948,490.55555555555554,574.5333333333333,585.7147998298798,352.04,293.31673554177826,1.68,1.8234646042283296,0.0266666666666666,0.091332144319443,0.5066666666666667,6.0476791359046205,7.013333333333334,9.363106175679764,0.8933333333333333,0.9209730937949824,0.8,0.6907010534410664,20,1.0,4.5,10.0,0.0,1.0,3.0,0.0,1.0,4454,14.0,16.0,34.8,157.0,2.0,2.175,9.8125,572.0,48.0,1,0,0.0,4.878571428571428,0.0,9263.142857142857,0.0,71.57142857142857,0.0,0.5870428571428572,0.0,0.7322285714285715,0.0,0.0277428571428571,0.0,9.857142857142858,0.0,0.0,0.0,0.0,0.0,0.0,44667.0,12762.0
84,2026-04-22,Wednesday,0.0,0.0,0.0,0.0,0.0,0.0,0.0,0.0,,,0.0,0.0,0.0,1.0,1.0,0.0,0.0,0.0,0.0,0.0,2026-04-20,0.0,0.0,0,0.0,,,0.0,0.0,0,,0,,0,41.0,14.0,27.0,8.0,33.0,648.8780487804878,3.073170731707317,26638.0,34.0,1.0,25.0,41.0,0.0,760.4,474.625,868.2142857142857,623.8928775125659,331.1649659863946,291.6328191180659,2.071428571428572,1.8567101605153604,0.0,0.0775072595268163,0.0,5.665190656641947,2.0357142857142856,8.386641396219593,0.75,0.8898671030115723,0.6785714285714286,0.7000822252646345,33,1.0,2.1,10.0,0.0,1.0,3.0,0.0,1.0,4487,15.0,17.0,36.9,167.0,2.0,2.170588235294117,9.823529411764708,575.0,48.0,2,0,0.0,1.4828571428571429,0.0,312.42857142857144,0.0,10.714285714285714,0.0,0.4899142857142857,0.0,0.6780285714285714,0.0,0.0197714285714285,0.0,4.142857142857143,0.0,0.0,0.0,0.0,0.0,0.0,44666.0,19142.85714285714
85,2026-04-23,Thursday,0.0,0.0,0.0,0.0,0.0,0.0,0.0,0.0,,,0.0,0.0,0.0,1.0,1.0,0.0,0.0,0.0,0.0,0.0,2026-04-20,0.0,0.0,0,0.0,,,0.0,0.0,0,,0,,0,46.0,20.0,26.0,9.0,37.0,681.4130434782609,2.369565217391304,31403.0,58.0,5.0,18.0,46.0,0.0,1355.388888888889,248.14285714285717,645.8536585365854,642.6182402459373,289.5873983739838,302.6771098594808,2.1463414634146343,1.8456331414296048,0.024390243902439,0.0639340107879323,0.8292682926829268,4.696237512952727,3.8536585365853657,7.61733461999618,0.7073170731707317,0.865112825618052,0.6097560975609756,0.6933736080718528,20,0.0,0.0,0.0,0.0,0.0,0.0,0.0,0.0,4507,15.0,17.0,36.9,167.0,2.0,2.170588235294117,9.823529411764708,575.0,48.0,3,0,0.0,0.0,0.0,0.0,0.0,0.0,0.0,0.0,0.0,0.0,0.0,0.0,0.0,0.0,0.0,0.0,0.0,0.0,0.0,0.0,0.0,19142.85714285714
86,2026-04-24,Friday,0.0,0.0,0.0,0.0,0.0,0.0,0.0,0.0,,,0.0,0.0,0.0,1.0,1.0,0.0,0.0,0.0,0.0,0.0,2026-04-20,0.0,0.0,0,0.0,,,0.0,0.0,0,,0,,0,29.0,9.0,20.0,5.0,24.0,837.8620689655172,4.551724137931035,24447.0,149.0,3.0,19.0,29.0,0.0,1159.4736842105262,226.8,680.8695652173913,674.5451849368573,361.7908902691512,321.4306837528062,1.608695652173913,1.88156925500547,0.108695652173913,0.0590537978331852,1.2608695652173914,2.097450171929361,1.8043478260869563,6.062173425083434,0.5869565217391305,0.8231134171590163,0.391304347826087,0.6574374944959878,21,0.0,0.0,0.0,0.0,0.0,0.0,0.0,0.0,4528,15.0,17.0,36.9,167.0,2.0,2.170588235294117,9.823529411764708,575.0,48.0,4,1,0.0,0.0,0.0,0.0,0.0,0.0,0.0,0.0,0.0,0.0,0.0,0.0,0.0,0.0,0.0,0.0,0.0,0.0,0.0,0.0,0.0,19142.85714285714
87,2026-04-25,Saturday,0.0,0.0,0.0,0.0,0.0,0.0,0.0,0.0,,,0.0,0.0,0.0,1.0,1.0,0.0,0.0,0.0,0.0,0.0,2026-04-20,0.0,0.0,0,0.0,,,0.0,0.0,0,,0,,0,29.0,9.0,17.0,7.0,22.0,327.2758620689655,2.3448275862068964,9613.0,122.0,4.0,3.0,29.0,0.0,290.6666666666667,331.5,842.7586206896551,697.4729663291798,290.76724137931035,328.3130402738142,1.4827586206896552,1.751073855804801,0.1034482758620689,0.0711367051665805,5.137931034482759,2.75057778601989,0.2413793103448276,5.137087450550483,0.8275862068965517,0.7984828752870952,0.6551724137931034,0.6297397530702045,13,1.0,5.0,10.0,1.0,1.0,370.0,14.0,1.0,4541,16.0,18.0,41.9,177.0,3.0,2.327777777777777,9.833333333333334,945.0,62.0,5,1,0.0,0.0,0.0,0.0,0.0,0.0,0.0,0.0,0.0,0.0,0.0,0.0,0.0,0.0,0.0,0.0,0.0,0.0,0.0,0.0,0.0,19142.85714285714
88,2026-04-26,Sunday,0.0,0.0,0.0,0.0,0.0,0.0,0.0,0.0,,,0.0,0.0,0.0,1.0,1.0,0.0,0.0,0.0,0.0,0.0,2026-04-20,0.0,0.0,0,0.0,,,0.0,0.0,0,,0,,0,27.0,9.0,11.0,3.0,24.0,697.925925925926,2.185185185185185,18907.0,63.0,2.0,9.0,27.0,0.0,1439.5555555555557,327.1111111111111,319.3103448275862,684.279206066454,169.54022988505747,315.7076762891398,1.2413793103448276,1.7141280429969188,0.1379310344827586,0.0729839958069746,4.206896551724138,3.071801102932862,12.172413793103448,5.120051325755738,0.6896551724137931,0.760100280870018,0.1034482758620689,0.5671371258124049,19,0.0,0.0,0.0,0.0,0.0,0.0,0.0,0.0,4560,16.0,18.0,41.9,177.0,3.0,2.327777777777777,9.833333333333334,945.0,62.0,6,0,0.0,0.0,0.0,0.0,0.0,0.0,0.0,0.0,0.0,0.0,0.0,0.0,0.0,0.0,0.0,0.0,0.0,0.0,0.0,0.0,0.0,19142.85714285714
89,2026-04-27,Monday,0.0,0.0,0.0,0.0,0.0,0.0,0.0,0.0,,,0.0,0.0,0.0,1.0,1.0,0.0,0.0,0.0,0.0,0.0,2026-04-27,0.0,0.0,0,0.0,,,0.0,0.0,0,,0,,0,19.0,6.0,6.0,4.0,15.0,507.42105263157896,2.631578947368421,9641.0,0.0,0.0,11.0,16.0,3.0,747.4545454545455,177.375,688.5185185185185,660.0083324053365,397.32804232804233,313.17410974599136,1.3333333333333333,1.6519909930549908,0.074074074074074,0.0678865638802744,2.333333333333333,2.0392807777296103,11.74074074074074,5.55165540370128,0.7777777777777778,0.7475180121901882,0.3333333333333333,0.5102265567067138,17,3.0,5.0,30.0,0.0,3.0,114.0,9.0,0.0,4577,19.0,21.0,46.9,207.0,3.0,2.2333333333333334,9.857142857142858,1059.0,71.0,0,0,0.0,0.0,0.0,0.0,0.0,0.0,0.0,0.0,0.0,0.0,0.0,0.0,0.0,0.0,0.0,0.0,0.0,0.0,0.0,0.0,0.0,12761.857142857143
90,2026-04-28,Tuesday,0.0,0.0,0.0,0.0,0.0,0.0,0.0,0.0,,,0.0,0.0,0.0,1.0,1.0,0.0,0.0,0.0,0.0,0.0,2026-04-27,0.0,0.0,0,0.0,,,0.0,0.0,0,,0,,0,32.0,10.0,15.0,7.0,25.0,983.1875,3.5625,31800.0,338.0,3.0,14.0,25.0,7.0,1327.2857142857142,715.5555555555555,505.7894736842105,650.1877810268904,178.68421052631578,288.4089969640365,2.0526315789473686,1.7052240757617576,0.0,0.0640770400707506,0.0,1.966899825348658,1.631578947368421,4.782833348563435,0.8421052631578947,0.7401997164508398,0.5789473684210527,0.4786476093382928,27,2.0,5.0,30.0,0.0,3.0,37.0,10.0,0.0,4604,21.0,24.0,51.9,237.0,3.0,2.1625,9.875,1096.0,81.0,1,0,0.0,0.0,0.0,0.0,0.0,0.0,0.0,0.0,0.0,0.0,0.0,0.0,0.0,0.0,0.0,0.0,0.0,0.0,0.0,0.0,0.0,6380.857142857143
91,2026-04-29,Wednesday,0.0,0.0,0.0,0.0,0.0,0.0,0.0,0.0,,,0.0,0.0,0.0,1.0,1.0,0.0,0.0,0.0,0.0,0.0,2026-04-27,0.0,0.0,0,0.0,,,0.0,0.0,0,,0,,0,21.0,7.0,2.0,5.0,16.0,827.7619047619048,4.190476190476191,17428.0,45.0,1.0,15.0,16.0,5.0,981.6,443.1666666666667,989.53125,667.5187759248495,485.2166193181818,310.4163760114347,2.625,1.7843057084148188,0.09375,0.0774698972136077,10.5625,3.475828396777229,4.21875,5.094695593461394,1.0,0.7759140021651257,0.4375,0.4442088338280887,15,0.0,0.0,0.0,0.0,0.0,45.0,7.0,0.0,4619,21.0,24.0,51.9,237.0,3.0,2.1625,9.875,1141.0,88.0,2,0,0.0,0.0,0.0,0.0,0.0,0.0,0.0,0.0,0.0,0.0,0.0,0.0,0.0,0.0,0.0,0.0,0.0,0.0,0.0,0.0,0.0,0.0
92,2026-04-30,Thursday,0.0,0.0,0.0,0.0,0.0,0.0,0.0,0.0,,,0.0,0.0,0.0,1.0,1.0,0.0,0.0,0.0,0.0,0.0,2026-04-27,1.0,6500.0,37667,136000.0,Boshra_qzd,"Reel, Story",0.0,6500.0,1,Boshra_qzd,0,,0,29.0,5.0,3.0,4.0,25.0,1271.896551724138,3.413793103448276,36916.0,31.0,2.0,23.0,29.0,0.0,1555.2173913043478,185.83333333333331,825.2380952380952,693.1451240250652,305.3783068783069,312.6722200834808,2.4761904761904763,1.8314269959542249,0.0476190476190476,0.0807882977445518,2.142857142857143,3.663483946802117,4.666666666666667,5.210839612044437,0.9047619047619048,0.8041204066781503,0.7142857142857143,0.4591416362173371,32,0.0,0.0,0.0,0.0,0.0,16.0,3.0,0.0,4651,21.0,24.0,51.9,237.0,3.0,2.1625,9.875,1157.0,91.0,3,0,0.0,0.0,0.0,0.0,0.0,0.0,0.0,0.0,0.0,0.0,0.0,0.0,0.0,0.0,0.0,0.0,0.0,0.0,0.0,0.0,0.0,0.0
93,2026-05-01,Friday,0.0,0.0,0.0,0.0,0.0,0.0,0.0,0.0,,,0.0,0.0,0.0,1.0,1.0,0.0,0.0,0.0,0.0,0.0,2026-04-27,0.0,0.0,37667,0.0,,,0.0,0.0,1,Boshra_qzd,0,,0,77.0,18.0,4.0,27.0,50.0,1080.6363636363635,3.090909090909091,83440.0,231.0,5.0,69.0,70.0,7.0,1173.2463768115942,281.875,1269.3103448275865,777.2080925408073,520.0340406719718,335.27838442674096,2.1379310344827585,1.907032050569774,0.0689655172413793,0.0751125641827613,1.0689655172413792,3.636069082805544,3.655172413793104,5.475243124573886,0.7586206896551724,0.8286438592375849,0.7931034482758621,0.5165415077101622,93,0.0,0.0,0.0,0.0,0.0,0.0,0.0,1.0,4744,21.0,24.0,51.9,237.0,3.0,2.1625,9.875,1157.0,91.0,4,1,0.0,0.0,0.0,0.0,0.0,0.0,0.0,0.0,0.0,0.0,0.0,0.0,0.0,0.0,0.0,0.0,0.0,0.0,0.0,0.0,37667.0,5381.0
94,2026-05-02,Saturday,0.0,0.0,0.0,0.0,0.0,0.0,0.0,0.0,,,0.0,0.0,0.0,1.0,1.0,0.0,0.0,0.0,0.0,0.0,2026-04-27,0.0,0.0,37666,0.0,,,0.0,0.0,1,Boshra_qzd,0,,0,72.0,19.0,6.0,31.0,41.0,1280.111111111111,4.0,92168.0,0.0,0.0,63.0,51.0,21.0,1401.888888888889,427.6666666666667,1074.4155844155844,810.3019445016545,520.7437641723357,368.1321733971731,2.168831168831169,2.0050424145899903,0.0649350649350649,0.069610676907475,3.0,3.3306503635937217,9.22077922077922,6.758014540350229,0.948051948051948,0.8458532508312129,0.8961038961038961,0.5509602908974182,82,1.0,0.0,10.0,0.0,1.0,121.0,0.0,0.0,4826,22.0,25.0,51.9,247.0,3.0,2.076,9.88,1278.0,91.0,5,1,0.0,0.0,0.0,0.0,0.0,0.0,0.0,0.0,0.0,0.0,0.0,0.0,0.0,0.0,0.0,0.0,0.0,0.0,0.0,0.0,37667.0,10762.0
95,2026-05-03,Sunday,0.0,0.0,0.0,0.0,0.0,0.0,0.0,0.0,,,0.0,0.0,0.0,1.0,1.0,0.0,0.0,0.0,0.0,0.0,2026-04-27,0.0,0.0,0,0.0,,,0.0,0.0,0,,0,,0,101.0,23.0,12.0,28.0,73.0,1144.7722772277227,3.227722772277228,116668.0,1046.0,17.0,81.0,91.0,10.0,1298.1358024691358,523.65,1279.0277777777778,947.4044349231104,505.17197204968943,416.07956513497766,2.333333333333333,2.161035846445491,0.0,0.049906243409938,0.0,2.7296651419188445,1.0833333333333333,5.173860188954499,0.9027777777777778,0.8762993373117823,0.875,0.6611819657742656,47,0.0,0.0,0.0,0.0,0.0,44.0,0.0,0.0,4873,22.0,25.0,51.9,247.0,3.0,2.076,9.88,1322.0,91.0,6,0,0.0,0.0,0.0,0.0,0.0,0.0,0.0,0.0,0.0,0.0,0.0,0.0,0.0,0.0,0.0,0.0,0.0,0.0,0.0,0.0,37666.0,16142.857142857143
96,2026-05-04,Monday,0.0,0.0,0.0,0.0,0.0,0.0,0.0,0.0,,,0.0,0.0,0.0,1.0,1.0,0.0,0.0,0.0,0.0,0.0,2026-05-04,0.0,0.0,0,0.0,,,0.0,0.0,0,,0,,0,83.0,15.0,10.0,19.0,64.0,1269.9518072289156,2.710843373493976,105943.0,537.0,9.0,68.0,74.0,9.0,1444.75,477.53333333333336,1140.3960396039604,1011.9583665067448,512.4062549112055,432.5193097897153,1.891089108910891,2.240715242956571,0.1683168316831683,0.0633694944969515,10.356435643564357,3.875822614808991,14.732673267326732,5.601279121323926,0.9306930693069309,0.8981443789588042,0.801980198019802,0.7281315178723325,54,1.0,0.0,10.0,0.0,1.0,35.0,0.0,1.0,4927,23.0,26.0,51.9,257.0,3.0,1.9961538461538464,9.884615384615383,1357.0,91.0,0,0,0.0,0.0,0.0,0.0,0.0,0.0,0.0,0.0,0.0,0.0,0.0,0.0,0.0,0.0,0.0,0.0,0.0,0.0,0.0,0.0,0.0,16142.857142857143
97,2026-05-05,Tuesday,1.0,7.7,135424.0,134495.0,226.0,134495.0,0.0,1.0,Kabul Herat,Reach,0.0569,0.0341,0.1669,1.0,1.0,0.0,0.0,0.0,0.0,0.0,2026-05-04,0.0,0.0,0,0.0,,,7.7,0.0,0,,0,,0,51.0,13.0,7.0,15.0,36.0,2380.333333333333,5.294117647058823,121407.0,10.0,1.0,39.0,39.0,12.0,2570.435897435897,1762.5,1269.1566265060242,1121.0108169098612,621.1430483840122,495.7277151979576,1.710843373493976,2.1918883564632288,0.108433734939759,0.0788600280597742,6.469879518072289,4.800091117390747,7.265060240963855,6.40606216326613,0.8554216867469879,0.9000467251858175,0.8192771084337349,0.7624643378741441,55,1.0,0.0,5.0,0.0,1.0,21.0,2.0,1.0,4982,24.0,27.0,51.9,262.0,3.0,1.9222222222222225,9.703703703703704,1378.0,93.0,1,0,0.0,0.0,0.0,0.0,0.0,0.0,0.0,0.0,0.0,0.0,0.0,0.0,0.0,0.0,0.0,0.0,0.0,0.0,0.0,0.0,0.0,16142.857142857143
98,2026-05-06,Wednesday,1.0,8.29,249663.0,242949.0,310.0,242949.0,0.0,1.0,Kabul Herat,Reach,0.0332,0.0267,0.1242,1.0,1.0,0.0,0.0,0.0,0.0,0.0,2026-05-04,0.0,0.0,0,0.0,,,8.29,0.0,0,,0,,0,92.0,21.0,15.0,18.0,74.0,1345.3695652173913,3.630434782608696,123864.0,90.0,4.0,75.0,85.0,7.0,1589.506666666667,268.29411764705884,2375.294117647059,1318.9769408594414,596.9187522081922,511.68516275367335,3.215686274509804,2.276272109964629,0.0196078431372549,0.0682682913650963,0.196078431372549,3.319173750443968,5.235294117647059,6.551282751501424,0.9411764705882352,0.8916433638412794,0.7647058823529411,0.8092080353531357,44,1.0,0.0,10.0,1.0,1.0,138.0,5.0,0.0,5026,25.0,28.0,51.9,272.0,4.0,1.8535714285714284,9.714285714285714,1516.0,98.0,2,0,7.7,1.1,135424.0,19346.285714285717,226.0,32.285714285714285,0.1669,0.0238428571428571,0.0569,0.0081285714285714,0.0341,0.0048714285714285,134495.0,19213.571428571428,0.0,0.0,0.0,0.0,0.0,0.0,0.0,16142.857142857143
99,2026-05-07,Thursday,1.0,8.29,257688.0,248249.0,330.0,248249.0,0.0,1.0,Kabul Herat,Reach,0.0322,0.0251,0.1281,1.0,1.0,0.0,0.0,0.0,0.0,0.0,2026-05-04,0.0,0.0,0,0.0,,,8.29,0.0,0,,0,,0,42.0,15.0,2.0,11.0,31.0,1270.142857142857,3.976190476190476,53521.0,175.0,2.0,37.0,40.0,2.0,1392.081081081081,367.8,1342.7173913043478,1392.9025545831914,564.2025966183575,548.6600612879663,2.5,2.2796734705088477,0.0434782608695652,0.0676767504008846,0.9782608695652174,3.152802854259407,3.630434782608696,6.403249625207429,0.8913043478260869,0.8897208557075913,0.8152173913043478,0.8236268463557977,27,0.0,0.0,0.0,0.0,0.0,0.0,0.0,0.0,5053,25.0,28.0,51.9,272.0,4.0,1.8535714285714284,9.714285714285714,1516.0,98.0,3,0,8.29,2.2842857142857143,249663.0,55012.42857142857,310.0,76.57142857142857,0.1242,0.0415857142857142,0.0332,0.0128714285714285,0.0267,0.0086857142857142,242949.0,53920.57142857143,0.0,0.0,0.0,0.0,0.0,0.0,0.0,16142.857142857143
100,2026-05-08,Friday,1.0,9.38,293090.0,271996.0,432.0,271996.0,0.0,1.0,Kabul Herat,Reach,0.032,0.0217,0.1474,1.0,1.0,0.0,0.0,0.0,0.0,0.0,2026-05-04,0.0,0.0,0,0.0,,,9.38,0.0,0,,0,,0,52.0,17.0,13.0,11.0,41.0,1084.1153846153843,3.3653846153846154,56551.0,177.0,3.0,35.0,50.0,2.0,1254.2,733.9411764705883,1262.3809523809523,1391.912641376529,471.3703703703703,541.7081083877375,2.3095238095238093,2.3041867240861404,0.0476190476190476,0.0646272547405515,4.166666666666667,3.5953315898915905,11.928571428571429,7.585163770175761,0.8809523809523809,0.9071968116071926,0.8809523809523809,0.8361766938810147,19,0.0,0.0,0.0,0.0,0.0,13.0,0.0,0.0,5072,25.0,28.0,51.9,272.0,4.0,1.8535714285714284,9.714285714285714,1529.0,98.0,4,1,8.29,3.4685714285714284,257688.0,91825.0,330.0,123.71428571428572,0.1281,0.0598857142857142,0.0322,0.0174714285714285,0.0251,0.0122714285714285,248249.0,89384.71428571429,0.0,0.0,0.0,0.0,0.0,0.0,0.0,10761.857142857143
101,2026-05-09,Saturday,1.0,10.98,337210.0,318336.0,469.0,318336.0,0.0,1.0,Kabul Herat,Reach,0.0326,0.0234,0.1391,1.0,1.0,0.0,0.0,0.0,0.0,0.0,2026-05-04,1.0,6500.0,6334,125000.0,hasib maqsodi,Reel,10.98,6500.0,1,hasib maqsodi,0,,0,46.0,17.0,7.0,11.0,35.0,1655.1739130434785,4.086956521739131,76551.0,413.0,4.0,32.0,32.0,14.0,2049.21875,754.5,1076.5384615384614,1392.215909536941,472.6110347985348,534.8320041914802,2.576923076923077,2.3624855680992702,0.0576923076923076,0.0635925751344433,3.4038461538461537,3.6530238975838976,10.98076923076923,7.836590914460048,0.9230769230769232,0.9036289508964748,0.6730769230769231,0.8043156977343042,42,0.0,0.0,0.0,0.0,0.0,1.0,0.0,0.0,5114,25.0,28.0,51.9,272.0,4.0,1.8535714285714284,9.714285714285714,1530.0,98.0,5,1,9.38,4.808571428571428,293090.0,133695.0,432.0,185.42857142857144,0.1474,0.0809428571428571,0.032,0.0220428571428571,0.0217,0.0153714285714285,271996.0,128241.28571428572,0.0,0.0,0.0,0.0,0.0,0.0,0.0,5380.857142857143
102,2026-05-10,Sunday,1.0,11.51,354681.0,330837.0,471.0,330837.0,0.0,1.0,Kabul Herat,Reach,0.0325,0.0244,0.1328,1.0,1.0,0.0,0.0,0.0,0.0,0.0,2026-05-04,0.0,0.0,6333,0.0,,,11.51,0.0,1,hasib maqsodi,0,,0,48.0,17.0,7.0,15.0,33.0,1087.8125,3.9166666666666665,52237.0,22.0,1.0,35.0,35.0,13.0,1229.7428571428572,705.6923076923077,1655.4347826086955,1445.9883387985003,526.4099378881987,537.8659993112673,2.630434782608696,2.404928632281465,0.0869565217391304,0.0760149353828905,8.978260869565217,4.935632593236073,8.717391304347826,8.927170624604974,0.8913043478260869,0.9019898894748046,0.6956521739130435,0.7786945797218818,37,1.0,0.0,10.0,0.0,1.0,43.0,0.0,0.0,5151,26.0,29.0,51.9,282.0,4.0,1.789655172413793,9.724137931034482,1573.0,98.0,6,0,10.98,6.377142857142857,337210.0,181867.85714285716,469.0,252.42857142857144,0.1391,0.1008142857142857,0.0326,0.0267,0.0234,0.0187142857142857,318336.0,173717.85714285713,0.0,0.0,0.0,0.0,0.0,0.0,6334.0,904.8571428571428
103,2026-05-11,Monday,1.0,9.88,322022.0,301017.0,402.0,301017.0,0.0,1.0,Kabul Herat,Reach,0.0307,0.0246,0.1248,1.0,1.0,0.0,0.0,0.0,0.0,0.0,2026-05-11,0.0,0.0,6333,0.0,,,9.88,0.0,1,hasib maqsodi,0,,0,39.0,17.0,3.0,10.0,29.0,961.0,5.153846153846154,37479.0,0.0,0.0,28.0,36.0,3.0,1224.75,289.6363636363636,1083.75,1437.8960474265057,436.9474206349207,527.0861658432266,2.208333333333333,2.4502492357703853,0.0208333333333333,0.0549458641900569,0.4583333333333333,3.5216179774887832,4.520833333333333,7.4683363483202045,0.9166666666666666,0.8999861176690525,0.7291666666666666,0.768292646671434,35,2.0,9.4,20.0,2.0,2.0,33.0,6.0,0.0,5186,28.0,31.0,61.3,302.0,6.0,1.9774193548387096,9.741935483870968,1606.0,104.0,0,0,11.51,8.02142857142857,354681.0,232536.57142857145,471.0,319.7142857142857,0.1328,0.1197857142857142,0.0325,0.0313428571428571,0.0244,0.0222,330837.0,220980.2857142857,0.0,0.0,0.0,0.0,0.0,0.0,6333.0,1809.571428571429
104,2026-05-12,Tuesday,1.0,3.61,109331.0,103852.0,120.0,103852.0,0.0,1.0,Kabul Herat,Reach,0.033,0.0301,0.1098,1.0,1.0,0.0,0.0,0.0,0.0,0.0,2026-05-11,0.0,0.0,0,0.0,,,3.61,0.0,0,,0,,0,38.0,12.0,7.0,6.0,32.0,1378.4736842105262,6.2631578947368425,52650.0,268.0,2.0,28.0,29.0,9.0,1658.428571428571,594.6,958.4615384615385,1393.511034848722,301.9111259111259,481.48160548995713,2.2564102564102564,2.5281873619012822,0.0,0.0394553306272342,0.0,2.5973494749070274,2.5384615384615383,6.7931079622484445,0.7948717948717948,0.8913361331154535,0.717948717948718,0.7538171623164317,32,0.0,0.0,0.0,0.0,0.0,55.0,1.0,0.0,5218,28.0,31.0,61.3,302.0,6.0,1.9774193548387096,9.741935483870968,1661.0,105.0,1,0,9.88,9.432857142857143,322022.0,278539.71428571426,402.0,377.1428571428572,0.1248,0.1376142857142857,0.0307,0.0357285714285714,0.0246,0.0257142857142857,301017.0,263982.71428571426,0.0,0.0,0.0,0.0,0.0,0.0,6333.0,2714.285714285714
105,2026-05-13,Wednesday,0.0,0.0,0.0,0.0,0.0,0.0,0.0,0.0,,,0.0,0.0,0.0,1.0,1.0,0.0,0.0,0.0,0.0,0.0,2026-05-11,0.0,0.0,0,0.0,,,0.0,0.0,0,,0,,0,42.0,13.0,4.0,8.0,34.0,812.8333333333334,4.547619047619048,34139.0,0.0,0.0,36.0,40.0,2.0,876.7222222222222,429.5,1374.2105263157894,1250.4990932299693,361.4054410501779,447.836846753098,3.1578947368421053,2.519931427948754,0.0526315789473684,0.0441730071715361,7.052631578947368,3.5768570674177163,11.31578947368421,7.661750155968038,0.8947368421052632,0.8847019004750291,0.7368421052631579,0.7498366227321769,27,0.0,0.0,0.0,0.0,0.0,20.0,0.0,3.0,5245,28.0,31.0,61.3,302.0,6.0,1.9774193548387096,9.741935483870968,1681.0,105.0,2,0,3.61,8.848571428571429,109331.0,274812.14285714284,120.0,362.0,0.1098,0.1294571428571428,0.033,0.0323142857142857,0.0301,0.0251428571428571,103852.0,259605.14285714287,0.0,0.0,0.0,0.0,0.0,0.0,0.0,2714.285714285714
106,2026-05-14,Thursday,0.0,0.0,0.0,0.0,0.0,0.0,0.0,0.0,,,0.0,0.0,0.0,1.0,1.0,0.0,0.0,0.0,0.0,0.0,2026-05-11,0.0,0.0,0,0.0,,,0.0,0.0,0,,0,,0,25.0,6.0,2.0,4.0,21.0,889.6,3.4,22240.0,0.0,0.0,19.0,22.0,3.0,1077.4736842105262,294.6666666666667,801.9047619047619,1173.2401461728855,266.890996569568,405.36376103184233,3.023809523809524,2.594761359921543,0.0,0.0379618270473125,0.0,3.437105514622685,10.928571428571429,8.704341105391284,0.9523809523809524,0.8934271296971527,0.8571428571428571,0.7558259749948212,8,0.0,0.0,0.0,0.0,0.0,5.0,0.0,0.0,5253,28.0,31.0,61.3,302.0,6.0,1.9774193548387096,9.741935483870968,1686.0,105.0,3,0,0.0,7.6642857142857155,0.0,239146.0,0.0,317.7142857142857,0.0,0.1117142857142857,0.0,0.0275714285714285,0.0,0.0213285714285714,0.0,224898.14285714287,0.0,0.0,0.0,0.0,0.0,0.0,0.0,2714.285714285714
107,2026-05-15,Friday,0.0,0.0,0.0,0.0,0.0,0.0,0.0,0.0,,,0.0,0.0,0.0,1.0,1.0,0.0,0.0,0.0,0.0,0.0,2026-05-11,0.0,0.0,0,0.0,,,0.0,0.0,0,,0,,0,46.0,22.0,7.0,13.0,33.0,1018.4565217391304,4.195652173913044,46849.0,0.0,0.0,36.0,43.0,3.0,1192.4444444444443,392.1,875.2,1117.9285815470353,311.7752380952381,382.5644564211091,2.32,2.5962579585609986,0.0,0.0311591059588772,0.0,2.8418674193845903,14.4,9.057402329881082,0.92,0.8990053609896697,0.76,0.7385470634301952,28,0.0,0.0,0.0,0.0,0.0,0.0,0.0,2.0,5281,28.0,31.0,61.3,302.0,6.0,1.9774193548387096,9.741935483870968,1686.0,105.0,4,1,0.0,6.48,0.0,202333.42857142855,0.0,270.57142857142856,0.0,0.0934142857142857,0.0,0.0229714285714285,0.0,0.0177428571428571,0.0,189434.0,0.0,0.0,0.0,0.0,0.0,0.0,0.0,2714.285714285714
108,2026-05-16,Saturday,0.0,0.0,0.0,0.0,0.0,0.0,0.0,0.0,,,0.0,0.0,0.0,1.0,1.0,0.0,0.0,0.0,0.0,0.0,2026-05-11,0.0,0.0,0,0.0,,,0.0,0.0,0,,0,,0,34.0,11.0,3.0,2.0,32.0,1150.029411764706,4.941176470588236,39101.0,0.0,0.0,28.0,29.0,5.0,1333.25,295.0,995.0,1106.2802298986835,284.7274844720497,355.72394923161124,2.6956521739130435,2.613219258130994,0.0,0.0229173477171189,0.0,2.355603683120854,23.456521739130437,10.839652688218395,0.8695652173913043,0.8913608316060097,0.782608695652174,0.7541944595123738,11,0.0,0.0,0.0,0.0,0.0,0.0,0.0,0.0,5292,28.0,31.0,61.3,302.0,6.0,1.9774193548387096,9.741935483870968,1686.0,105.0,5,1,0.0,5.140000000000001,0.0,160463.42857142858,0.0,208.8571428571429,0.0,0.0723571428571428,0.0,0.0184,0.0,0.0146428571428571,0.0,150577.42857142858,0.0,0.0,0.0,0.0,0.0,0.0,0.0,2714.285714285714
109,2026-05-17,Sunday,0.0,0.0,0.0,0.0,0.0,0.0,0.0,0.0,,,0.0,0.0,0.0,1.0,1.0,0.0,0.0,0.0,0.0,0.0,2026-05-11,0.0,0.0,0,0.0,,,0.0,0.0,0,,0,,0,37.0,10.0,9.0,9.0,28.0,795.1621621621622,3.5675675675675675,29421.0,0.0,0.0,28.0,31.0,6.0,958.1428571428572,288.1111111111111,1147.9411764705883,1033.781143307525,381.4463755199049,335.0148688932836,2.147058823529412,2.544165549691096,0.0,0.0104949874686717,0.0,1.0729949874686795,2.088235294117647,9.892630401042656,0.9411764705882352,0.8984854205720308,0.8235294117647058,0.7724626363483257,18,0.0,0.0,0.0,0.0,0.0,39.0,0.0,2.0,5310,28.0,31.0,61.3,302.0,6.0,1.9774193548387096,9.741935483870968,1725.0,105.0,6,0,0.0,3.571428571428572,0.0,112290.57142857143,0.0,141.85714285714286,0.0,0.0524857142857142,0.0,0.0137428571428571,0.0,0.0113,0.0,105100.85714285714,0.0,0.0,0.0,0.0,0.0,0.0,0.0,1809.4285714285716
110,2026-05-18,Monday,1.0,9.41,68011.0,54827.0,3035.0,3035.0,0.0,1.0,Tailored web traffic campaign 5/18/2026 Campaign,Link clicks,0.1384,0.0031,4.4625,1.0,1.0,0.0,0.0,0.0,0.0,0.0,2026-05-18,0.0,0.0,0,0.0,,,9.41,0.0,0,,0,,0,31.0,10.0,8.0,9.0,22.0,1449.4193548387098,6.645161290322581,44932.0,0.0,0.0,18.0,23.0,8.0,2178.1111111111118,440.46153846153845,784.8648648648649,991.0832668596488,347.8419328419329,322.28551349428534,2.324324324324324,2.5607356912612373,0.0,0.0075187969924812,0.0,1.0075187969924893,10.297297297297296,10.717839538751791,1.0,0.9103901824767928,0.7567567567567568,0.776404077789767,13,1.0,0.0,10.0,0.0,1.0,0.0,0.0,1.0,5323,29.0,32.0,61.3,312.0,6.0,1.915625,9.75,1725.0,105.0,0,0,0.0,1.9271428571428573,0.0,61621.857142857145,0.0,74.57142857142857,0.0,0.0335142857142857,0.0,0.0091,0.0,0.0078142857142857,0.0,57838.42857142857,0.0,0.0,0.0,0.0,0.0,0.0,0.0,904.7142857142856
111,2026-05-19,Tuesday,1.0,8.64,65321.0,52054.0,3341.0,3341.0,0.0,1.0,Tailored web traffic campaign 5/18/2026 Campaign,Link clicks,0.1323,0.0026,5.1147,1.0,1.0,0.0,0.0,0.0,0.0,0.0,2026-05-18,0.0,0.0,0,0.0,,,8.64,0.0,0,,0,,0,32.0,13.0,3.0,4.0,28.0,1040.25,6.0625,33318.0,30.0,1.0,24.0,30.0,2.0,1224.5,487.5,1446.5806451612902,1060.8145678167564,385.0332309267793,334.160099925093,2.4838709677419355,2.5932300785943347,0.0,0.0075187969924812,0.0,1.0075187969924893,2.838709677419355,10.760732130031483,0.8387096774193549,0.9166527371264444,0.5806451612903226,0.7567892839814248,12,2.0,0.0,20.0,0.0,2.0,72.0,0.0,0.0,5335,31.0,34.0,61.3,332.0,6.0,1.802941176470588,9.764705882352942,1797.0,105.0,1,0,9.41,1.86,68011.0,25334.571428571428,3035.0,450.7142857142857,4.4625,0.6531857142857144,0.1384,0.0244857142857142,0.0031,0.0047428571428571,3035.0,15269.57142857143,0.0,0.0,0.0,0.0,0.0,0.0,0.0,0.0
112,2026-05-20,Wednesday,1.0,8.64,55183.0,44384.0,2971.0,2971.0,0.0,1.0,Tailored web traffic campaign 5/18/2026 Campaign,Link clicks,0.1566,0.0029,5.3839,1.0,1.0,0.0,0.0,0.0,0.0,0.0,2026-05-18,0.0,0.0,0,0.0,,,8.64,0.0,0,,0,,0,22.0,13.0,2.0,4.0,18.0,2127.590909090909,3.1818181818181817,46807.0,0.0,0.0,17.0,21.0,1.0,2666.4117647058824,295.6,1038.0625,1012.7934212002148,254.07653388278388,318.82739890117955,2.5,2.49924511618832,0.03125,0.0044642857142857,0.9375,0.1339285714285795,3.125,9.590619348076595,0.96875,0.927226045397121,0.75,0.7586689832295451,18,0.0,0.0,0.0,0.0,0.0,80.0,1.0,0.0,5353,31.0,34.0,61.3,332.0,6.0,1.802941176470588,9.764705882352942,1877.0,106.0,2,0,8.64,2.5785714285714287,65321.0,19047.42857142857,3341.0,910.8571428571428,5.1147,1.3681714285714288,0.1323,0.0386714285714285,0.0026,0.0008142857142857,3341.0,910.8571428571428,0.0,0.0,0.0,0.0,0.0,0.0,0.0,0.0
113,2026-05-21,Thursday,1.0,9.36,55852.0,45343.0,2913.0,2913.0,0.0,1.0,Tailored web traffic campaign 5/18/2026 Campaign,Link clicks,0.1676,0.0032,5.2156,1.0,1.0,0.0,0.0,0.0,0.0,0.0,2026-05-18,0.0,0.0,0,0.0,,,9.36,0.0,0,,0,,0,23.0,7.0,1.0,4.0,19.0,1189.5652173913045,4.739130434782608,27360.0,0.0,0.0,19.0,21.0,2.0,1387.3684210526317,250.0,2119.090909090909,1200.962870798236,769.4696969696969,390.6243561011979,2.090909090909091,2.365973625773972,0.0,0.0044642857142857,0.0,0.1339285714285795,8.5,9.24368057256639,0.7727272727272727,0.9015612340180238,0.7727272727272727,0.7466096140273188,12,0.0,0.0,0.0,0.0,0.0,0.0,0.0,0.0,5365,31.0,34.0,61.3,332.0,6.0,1.802941176470588,9.764705882352942,1877.0,106.0,3,0,8.64,3.812857142857143,55183.0,26930.714285714286,2971.0,1335.2857142857142,5.3839,2.1373,0.1566,0.0610428571428571,0.0029,0.0012285714285714,2971.0,1335.2857142857142,0.0,0.0,0.0,0.0,0.0,0.0,0.0,0.0
114,2026-05-22,Friday,1.0,9.72,56164.0,45430.0,3164.0,3164.0,0.0,1.0,Tailored web traffic campaign 5/18/2026 Campaign,Link clicks,0.1731,0.0031,5.6335,1.0,1.0,0.0,0.0,0.0,0.0,0.0,2026-05-18,0.0,0.0,0,0.0,,,9.72,0.0,0,,0,,0,22.0,11.0,1.0,6.0,16.0,817.1363636363636,3.6818181818181817,18000.0,23.0,1.0,14.0,20.0,2.0,988.2142857142856,517.75,1181.304347826087,1244.69206334482,415.9615251897861,405.5081114004191,3.9565217391304346,2.5997624456497483,0.0,0.0044642857142857,0.0,0.1339285714285795,8.26086956521739,8.366661939026017,1.0,0.9129898054465952,0.8260869565217391,0.7560506078161388,16,0.0,0.0,0.0,0.0,0.0,16.0,0.0,0.0,5381,31.0,34.0,61.3,332.0,6.0,1.802941176470588,9.764705882352942,1893.0,106.0,4,1,9.36,5.15,55852.0,34909.57142857143,2913.0,1751.428571428571,5.2156,2.8823857142857143,0.1676,0.0849857142857142,0.0032,0.0016857142857142,2913.0,1751.428571428571,0.0,0.0,0.0,0.0,0.0,0.0,0.0,0.0
115,2026-05-23,Saturday,1.0,9.24,53057.0,43113.0,3209.0,3209.0,0.0,1.0,Tailored web traffic campaign 5/18/2026 Campaign,Link clicks,0.1742,0.0029,6.0482,1.0,1.0,0.0,0.0,0.0,0.0,0.0,2026-05-18,0.0,0.0,0,0.0,,,9.24,0.0,0,,0,,0,25.0,7.0,5.0,5.0,20.0,840.4,4.64,21024.0,14.0,1.0,17.0,21.0,4.0,971.2352941176472,562.375,796.3636363636364,1216.3154399681966,382.0405352223534,419.4099757933196,2.3181818181818183,2.5458381091167164,0.0454545454545454,0.0109577922077922,1.0454545454545454,0.2832792207792289,21.818181818181817,8.1326133788905,1.0,0.931623345819266,0.6363636363636364,0.7351584564892047,6,0.0,0.0,0.0,0.0,0.0,85.0,0.0,0.0,5387,31.0,34.0,61.3,332.0,6.0,1.802941176470588,9.764705882352942,1978.0,106.0,5,1,9.72,6.538571428571429,56164.0,42933.0,3164.0,2203.428571428572,5.6335,3.6871714285714288,0.1731,0.1097142857142857,0.0031,0.0021285714285714,3164.0,2203.428571428572,0.0,0.0,0.0,0.0,0.0,0.0,0.0,0.0
116,2026-05-24,Sunday,1.0,11.88,65320.0,49909.0,4115.0,4115.0,0.0,1.0,Tailored web traffic campaign 5/18/2026 Campaign,Link clicks,0.1819,0.0029,6.2998,1.0,1.0,0.0,0.0,0.0,0.0,0.0,2026-05-18,0.0,0.0,0,0.0,,,11.88,0.0,0,,0,,0,28.0,9.0,2.0,6.0,22.0,1329.75,3.25,37233.0,0.0,0.0,23.0,28.0,0.0,1557.7826086956522,280.8,835.6,1171.6952719009696,397.06666666666666,421.6414459571427,2.48,2.5934011343268004,0.04,0.016672077922078,0.56,0.3632792207792289,5.36,8.600008336873694,0.96,0.9343124214495182,0.68,0.7146542548085326,9,0.0,0.0,0.0,0.0,0.0,0.0,0.0,0.0,5396,31.0,34.0,61.3,332.0,6.0,1.802941176470588,9.764705882352942,1978.0,106.0,6,0,9.24,7.858571428571429,53057.0,50512.57142857143,3209.0,2661.8571428571427,6.0482,4.5512,0.1742,0.1346,0.0029,0.0025428571428571,3209.0,2661.8571428571427,0.0,0.0,0.0,0.0,0.0,0.0,0.0,0.0
117,2026-05-25,Monday,1.0,2.72,17810.0,16280.0,942.0,942.0,0.0,1.0,Tailored web traffic campaign 5/18/2026 Campaign,Link clicks,0.1527,0.0029,5.2892,1.0,1.0,0.0,0.0,0.0,0.0,0.0,2026-05-25,0.0,0.0,0,0.0,,,2.72,0.0,0,,0,,0,12.0,7.0,2.0,3.0,9.0,325.0833333333333,2.583333333333333,3901.0,0.0,0.0,4.0,12.0,0.0,356.5,309.375,1328.0357142857142,1249.2911075325194,457.82142857142856,437.3528024899279,1.6071428571428572,2.4909466390151627,0.0,0.016672077922078,0.0,0.3632792207792289,1.7142857142857142,7.373863825014896,0.8571428571428571,0.913904258184212,0.8214285714285714,0.7238930854759346,12,0.0,0.0,0.0,0.0,0.0,0.0,0.0,0.0,5408,31.0,34.0,61.3,332.0,6.0,1.802941176470588,9.764705882352942,1978.0,106.0,0,0,11.88,9.555714285714286,65320.0,59844.0,4115.0,3249.714285714286,6.2998,5.451171428571429,0.1819,0.1605857142857142,0.0029,0.0029571428571428,4115.0,3249.714285714286,0.0,0.0,0.0,0.0,0.0,0.0,0.0,0.0
118,2026-05-26,Tuesday,0.0,0.0,0.0,0.0,0.0,0.0,0.0,0.0,,,0.0,0.0,0.0,1.0,1.0,0.0,0.0,0.0,0.0,0.0,2026-05-25,0.0,0.0,0,0.0,,,0.0,0.0,0,,0,,0,31.0,12.0,2.0,5.0,26.0,1229.032258064516,4.806451612903226,38100.0,0.0,0.0,26.0,27.0,4.0,1384.2307692307693,422.0,320.0,1088.351015366621,136.41666666666666,401.8361504527689,1.5833333333333333,2.362298405528219,0.0,0.016672077922078,0.0,0.3632792207792289,5.083333333333333,7.694524347288323,0.9166666666666666,0.925040970933828,0.3333333333333333,0.6885628243392218,24,0.0,0.0,0.0,0.0,0.0,0.0,0.0,0.0,5432,31.0,34.0,61.3,332.0,6.0,1.802941176470588,9.764705882352942,1978.0,106.0,1,0,2.72,8.6,17810.0,52672.42857142857,942.0,2950.714285714286,5.2892,5.569271428571429,0.1527,0.1626285714285714,0.0029,0.0029285714285714,942.0,2950.714285714286,0.0,0.0,0.0,0.0,0.0,0.0,0.0,0.0
119,2026-05-27,Wednesday,0.0,0.0,0.0,0.0,0.0,0.0,0.0,0.0,,,0.0,0.0,0.0,1.0,1.0,0.0,0.0,0.0,0.0,0.0,2026-05-25,0.0,0.0,0,0.0,,,0.0,0.0,0,,0,,0,16.0,10.0,2.0,5.0,11.0,744.5,4.0625,13410.0,1498.0,11.0,8.0,11.0,5.0,1063.75,425.25,1223.225806451613,1114.80291628828,354.63645673323094,416.20185371711847,2.096774193548387,2.3046947188922746,0.0,0.0122077922077922,0.0,0.2293506493506574,5.806451612903226,8.077588863417356,0.7741935483870968,0.8972471921319848,0.8387096774193549,0.7012356353991297,10,0.0,0.0,0.0,0.0,0.0,0.0,0.0,0.0,5442,31.0,34.0,61.3,332.0,6.0,1.802941176470588,9.764705882352942,1978.0,106.0,2,0,0.0,7.365714285714286,0.0,43340.857142857145,0.0,2473.428571428572,0.0,4.8386000000000005,0.0,0.1437285714285714,0.0,0.0025571428571428,0.0,2473.428571428572,0.0,0.0,0.0,0.0,0.0,0.0,0.0,0.0
120,2026-05-28,Thursday,0.0,0.0,0.0,0.0,0.0,0.0,0.0,0.0,,,0.0,0.0,0.0,1.0,1.0,0.0,0.0,0.0,0.0,0.0,2026-05-25,0.0,0.0,0,0.0,,,0.0,0.0,0,,0,,0,24.0,10.0,5.0,6.0,18.0,1629.7916666666667,3.6666666666666665,48809.0,9694.0,24.0,14.0,22.0,2.0,2456.428571428572,472.5,805.625,927.1649292752928,269.4760101010101,344.77418416444885,3.0,2.434564848762404,0.6875,0.110422077922078,93.625,13.60435064935066,32.5,11.506160291988785,0.9375,0.9207861531709458,0.5,0.6622745964380907,15,0.0,0.0,0.0,0.0,0.0,0.0,0.0,0.0,5457,31.0,34.0,61.3,332.0,6.0,1.802941176470588,9.764705882352942,1978.0,106.0,3,0,0.0,6.131428571428572,0.0,35457.57142857143,0.0,2049.0,0.0,4.069471428571428,0.0,0.1213571428571428,0.0,0.0021428571428571,0.0,2049.0,0.0,0.0,0.0,0.0,0.0,0.0,0.0,0.0
121,2026-05-29,Friday,0.0,0.0,0.0,0.0,0.0,0.0,0.0,0.0,,,0.0,0.0,0.0,1.0,1.0,0.0,0.0,0.0,0.0,0.0,2026-05-25,0.0,0.0,0,0.0,,,0.0,0.0,0,,0,,0,37.0,20.0,7.0,10.0,27.0,836.2972972972973,4.72972972972973,36863.0,5920.0,29.0,16.0,36.0,1.0,781.5625,878.0,2019.5833333333333,1046.9190700620425,615.9047619047619,373.3375036951598,1.9166666666666667,2.1431569812675804,1.0,0.2532792207792208,403.9166666666667,71.30673160173161,14.125,12.343893211243442,0.875,0.9029290103138028,0.5833333333333334,0.6275955074111756,20,0.0,0.0,0.0,0.0,0.0,0.0,0.0,0.0,5477,31.0,34.0,61.3,332.0,6.0,1.802941176470588,9.764705882352942,1978.0,106.0,4,1,0.0,4.7942857142857145,0.0,27478.714285714286,0.0,1632.857142857143,0.0,3.324385714285714,0.0,0.0974142857142857,0.0,0.0016857142857142,0.0,1632.857142857143,0.0,0.0,0.0,0.0,0.0,0.0,0.0,0.0
122,2026-05-30,Saturday,0.0,0.0,0.0,0.0,0.0,0.0,0.0,0.0,,,0.0,0.0,0.0,1.0,1.0,0.0,0.0,0.0,0.0,0.0,2026-05-25,0.0,0.0,0,0.0,,,0.0,0.0,0,,0,,0,19.0,10.0,5.0,3.0,16.0,629.2631578947369,4.105263157894737,11956.0,0.0,0.0,9.0,14.0,5.0,919.3333333333334,368.2,982.1621621621622,1073.461716604689,225.62107712107712,350.99186682354883,2.5405405405405403,2.174922513033112,0.7837837837837838,0.3587548262548263,160.0,94.0145238095238,14.135135135135137,11.246315113665345,0.918918918918919,0.8913459987307913,0.4324324324324324,0.5984624782781465,10,0.0,0.0,0.0,0.0,0.0,0.0,0.0,0.0,5487,31.0,34.0,61.3,332.0,6.0,1.802941176470588,9.764705882352942,1978.0,106.0,5,1,0.0,3.4057142857142857,0.0,19455.285714285717,0.0,1180.857142857143,0.0,2.5196,0.0,0.0726857142857142,0.0,0.0012428571428571,0.0,1180.857142857143,0.0,0.0,0.0,0.0,0.0,0.0,0.0,0.0
123,2026-05-31,Sunday,0.0,0.0,0.0,0.0,0.0,0.0,0.0,0.0,,,0.0,0.0,0.0,1.0,1.0,0.0,0.0,0.0,0.0,0.0,2026-05-25,0.0,0.0,0,0.0,,,0.0,0.0,0,,0,,0,27.0,19.0,6.0,2.0,25.0,694.2962962962963,5.555555555555555,18746.0,0.0,0.0,4.0,27.0,0.0,1278.5,592.695652173913,617.3684210526316,1042.285776755065,162.71929824561403,317.51367133482705,2.0526315789473686,2.113869881454165,0.0,0.3530405405405406,0.0,93.93452380952382,11.894736842105264,12.179848948251813,1.0,0.897060284445077,0.4736842105263157,0.5689887940676202,15,0.0,0.0,0.0,0.0,0.0,0.0,0.0,0.0,5502,31.0,34.0,61.3,332.0,6.0,1.802941176470588,9.764705882352942,1978.0,106.0,6,0,0.0,2.085714285714286,0.0,11875.714285714286,0.0,722.4285714285714,0.0,1.6555714285714287,0.0,0.0478,0.0,0.0008285714285714,0.0,722.4285714285714,0.0,0.0,0.0,0.0,0.0,0.0,0.0,0.0
124,2026-06-01,Monday,0.0,0.0,0.0,0.0,0.0,0.0,0.0,0.0,,,0.0,0.0,0.0,1.0,1.0,0.0,0.0,0.0,0.0,0.0,2026-06-01,0.0,0.0,0,0.0,,,0.0,0.0,0,,0,,0,26.0,14.0,8.0,6.0,20.0,1024.6153846153843,3.423076923076923,26640.0,0.0,0.0,15.0,19.0,7.0,1401.6666666666667,510.45454545454544,685.1851851851852,950.4499868835608,283.9775132275132,292.6788262856963,1.5555555555555556,2.106500266941693,0.0,0.3530405405405406,0.0,93.93452380952382,9.11111111111111,13.236538290655435,0.6666666666666666,0.8698494000913356,0.1481481481481481,0.4728058764561311,15,0.0,0.0,0.0,0.0,0.0,25.0,0.0,0.0,5517,31.0,34.0,61.3,332.0,6.0,1.802941176470588,9.764705882352942,2003.0,106.0,0,0,0.0,0.3885714285714286,0.0,2544.285714285714,0.0,134.57142857142858,0.0,0.7556,0.0,0.0218142857142857,0.0,0.0004142857142857,0.0,134.57142857142858,0.0,0.0,0.0,0.0,0.0,0.0,0.0,0.0
125,2026-06-02,Tuesday,0.0,0.0,0.0,0.0,0.0,0.0,0.0,0.0,,,0.0,0.0,0.0,1.0,1.0,0.0,0.0,0.0,0.0,0.0,2026-06-01,0.0,0.0,0,0.0,,,0.0,0.0,0,,0,,0,9.0,4.0,5.0,2.0,7.0,597.7777777777778,5.888888888888889,5380.0,0.0,0.0,3.0,9.0,0.0,902.0,445.6666666666667,1010.7692307692308,1049.1313055648793,427.57600732600736,334.27301780845926,2.076923076923077,2.177013087454513,0.0,0.3530405405405406,0.0,93.93452380952382,13.846153846153848,14.48836979248694,0.8846153846153846,0.865270645512581,0.5769230769230769,0.5076044112546659,17,0.0,0.0,0.0,0.0,0.0,0.0,0.0,0.0,5534,31.0,34.0,61.3,332.0,6.0,1.802941176470588,9.764705882352942,2003.0,106.0,1,0,0.0,0.0,0.0,0.0,0.0,0.0,0.0,0.0,0.0,0.0,0.0,0.0,0.0,0.0,0.0,0.0,0.0,0.0,0.0,0.0,0.0,0.0
126,2026-06-03,Wednesday,0.0,0.0,0.0,0.0,0.0,0.0,0.0,0.0,,,0.0,0.0,0.0,1.0,1.0,0.0,0.0,0.0,0.0,0.0,2026-06-01,0.0,0.0,0,0.0,,,0.0,0.0,0,,0,,0,12.0,9.0,2.0,3.0,9.0,996.75,5.5,11961.0,0.0,0.0,8.0,12.0,0.0,1303.75,382.75,580.0,957.2419046432204,115.33380018674136,300.0869240161036,2.111111111111111,2.1790612185349025,0.0,0.3530405405405406,0.0,93.93452380952382,17.77777777777778,16.19855924461188,0.6666666666666666,0.8499096624096624,0.3333333333333333,0.4354077906709485,12,0.0,0.0,0.0,0.0,0.0,0.0,0.0,0.0,5546,31.0,34.0,61.3,332.0,6.0,1.802941176470588,9.764705882352942,2003.0,106.0,2,0,0.0,0.0,0.0,0.0,0.0,0.0,0.0,0.0,0.0,0.0,0.0,0.0,0.0,0.0,0.0,0.0,0.0,0.0,0.0,0.0,0.0,0.0
127,2026-06-04,Thursday,0.0,0.0,0.0,0.0,0.0,0.0,0.0,0.0,,,0.0,0.0,0.0,1.0,1.0,0.0,0.0,0.0,0.0,0.0,2026-06-01,1.0,7500.0,333334,284000.0,Parisa life post 1,"Reel, Story",0.0,7500.0,1,Parisa life post 1,0,,0,19.0,9.0,6.0,7.0,12.0,1688.421052631579,4.2631578947368425,32080.0,0.0,0.0,11.0,16.0,3.0,2733.5454545454545,251.375,983.3333333333334,982.6288094051253,276.8589743589744,301.14163319581274,2.583333333333333,2.119537409011093,0.0,0.2548262548262548,0.0,80.55952380952382,13.416666666666666,13.4723687684214,1.0,0.8588382338382338,0.6666666666666666,0.4592173144804724,8,0.0,0.0,0.0,0.0,0.0,0.0,0.0,0.0,5554,31.0,34.0,61.3,332.0,6.0,1.802941176470588,9.764705882352942,2003.0,106.0,3,0,0.0,0.0,0.0,0.0,0.0,0.0,0.0,0.0,0.0,0.0,0.0,0.0,0.0,0.0,0.0,0.0,0.0,0.0,0.0,0.0,0.0,0.0
128,2026-06-05,Friday,0.0,0.0,0.0,0.0,0.0,0.0,0.0,0.0,,,0.0,0.0,0.0,1.0,1.0,0.0,0.0,0.0,0.0,0.0,2026-06-01,0.0,0.0,333333,0.0,,,0.0,0.0,1,Parisa life post 1,0,,0,14.0,7.0,5.0,3.0,11.0,413.1428571428572,3.7857142857142856,5784.0,0.0,0.0,4.0,13.0,1.0,802.5,257.4,1678.421052631579,933.891340733446,380.742047426258,267.54695969888365,2.8421052631578947,2.2517429227955543,0.0,0.111969111969112,0.0,22.857142857142865,10.0,12.883083054135684,1.0,0.8766953766953767,0.5789473684210527,0.4585907480644323,20,0.0,0.0,0.0,0.0,0.0,0.0,0.0,0.0,5574,31.0,34.0,61.3,332.0,6.0,1.802941176470588,9.764705882352942,2003.0,106.0,4,1,0.0,0.0,0.0,0.0,0.0,0.0,0.0,0.0,0.0,0.0,0.0,0.0,0.0,0.0,0.0,0.0,0.0,0.0,0.0,0.0,333334.0,47619.142857142855
129,2026-06-06,Saturday,0.0,0.0,0.0,0.0,0.0,0.0,0.0,0.0,,,0.0,0.0,0.0,1.0,1.0,0.0,0.0,0.0,0.0,0.0,2026-06-01,0.0,0.0,333333,0.0,,,0.0,0.0,1,Parisa life post 1,0,,0,26.0,7.0,6.0,6.0,20.0,1527.9615384615386,2.6923076923076925,39727.0,0.0,0.0,17.0,17.0,9.0,1963.0,706.2222222222222,408.57142857142856,851.9498073633413,169.04761904761904,259.465037116961,2.142857142857143,2.194931008840784,0.0,0.0,0.0,0.0,4.571428571428571,11.516839259320465,0.7857142857142857,0.8576661433804291,0.2857142857142857,0.4376310128189827,17,0.0,0.0,0.0,0.0,0.0,10.0,0.0,0.0,5591,31.0,34.0,61.3,332.0,6.0,1.802941176470588,9.764705882352942,2013.0,106.0,5,1,0.0,0.0,0.0,0.0,0.0,0.0,0.0,0.0,0.0,0.0,0.0,0.0,0.0,0.0,0.0,0.0,0.0,0.0,0.0,0.0,333333.0,95238.14285714286
130,2026-06-07,Sunday,0.0,0.0,0.0,0.0,0.0,0.0,0.0,0.0,,,0.0,0.0,0.0,1.0,1.0,0.0,0.0,0.0,0.0,0.0,2026-06-01,0.0,0.0,0,0.0,,,0.0,0.0,0,,0,,0,20.0,11.0,0.0,4.0,16.0,1080.65,4.15,21613.0,0.0,0.0,17.0,9.0,11.0,1040.470588235294,1308.3333333333333,1522.3076923076924,981.2268461140642,827.8878205128204,354.489111726562,1.4230769230769231,2.10499462943072,0.0,0.0,0.0,0.0,5.653846153846154,10.625283446712018,0.9230769230769232,0.8466771323914182,0.6538461538461539,0.4633684332932453,19,1.0,0.0,10.0,0.0,1.0,0.0,0.0,1.0,5610,32.0,35.0,61.3,342.0,6.0,1.7514285714285711,9.771428571428572,2013.0,106.0,6,0,0.0,0.0,0.0,0.0,0.0,0.0,0.0,0.0,0.0,0.0,0.0,0.0,0.0,0.0,0.0,0.0,0.0,0.0,0.0,0.0,333333.0,142857.14285714287
131,2026-06-08,Monday,1.0,2.83,98402.0,95553.0,0.0,95553.0,0.0,1.0,New Awareness Campaign,Reach,0.0288,0.0,0.0,1.0,1.0,0.0,0.0,0.0,0.0,0.0,2026-06-08,0.0,0.0,0,0.0,,,2.83,0.0,0,,0,,0,19.0,11.0,2.0,5.0,14.0,1084.578947368421,4.7368421052631575,20607.0,0.0,0.0,13.0,19.0,0.0,1338.7692307692307,533.8333333333334,1072.0,1036.4861053733234,293.4611111111111,355.8439114242188,3.15,2.332772407208497,0.0,0.0,0.0,0.0,8.65,10.559410430839003,1.0,0.8942961800104657,0.85,0.5636329835577956,12,0.0,0.0,0.0,0.0,0.0,35.0,0.0,0.0,5622,32.0,35.0,61.3,342.0,6.0,1.7514285714285711,9.771428571428572,2048.0,106.0,0,0,0.0,0.0,0.0,0.0,0.0,0.0,0.0,0.0,0.0,0.0,0.0,0.0,0.0,0.0,0.0,0.0,0.0,0.0,0.0,0.0,0.0,142857.14285714287
132,2026-06-09,Tuesday,1.0,4.99,185864.0,178600.0,0.0,178600.0,0.0,1.0,New Awareness Campaign,Reach,0.0268,0.0,0.0,1.0,1.0,0.0,0.0,0.0,0.0,0.0,2026-06-08,0.0,0.0,0,0.0,,,4.99,0.0,0,,0,,0,26.0,7.0,5.0,5.0,21.0,1257.9615384615386,2.923076923076923,32707.0,0.0,0.0,18.0,17.0,9.0,1370.4444444444443,1004.875,1078.421052631579,1046.150651353659,330.3270676691729,341.95120575895675,3.5789473684210527,2.547347305993923,0.0,0.0,0.0,0.0,6.157894736842105,9.461087700937323,0.8421052631578947,0.8882233055165385,0.6842105263157895,0.5789597620424688,11,0.0,0.0,0.0,0.0,0.0,0.0,0.0,0.0,5633,32.0,35.0,61.3,342.0,6.0,1.7514285714285711,9.771428571428572,2048.0,106.0,1,0,2.83,0.4042857142857143,98402.0,14057.42857142857,0.0,0.0,0.0,0.0,0.0288,0.0041142857142857,0.0,0.0,95553.0,13650.42857142857,0.0,0.0,0.0,0.0,0.0,0.0,0.0,142857.14285714287
133,2026-06-10,Wednesday,1.0,4.8,177965.0,175035.0,0.0,175035.0,0.0,1.0,New Awareness Campaign,Reach,0.027,0.0,0.0,1.0,1.0,0.0,0.0,0.0,0.0,0.0,2026-06-08,0.0,0.0,0,0.0,,,4.8,0.0,0,,0,,0,21.0,11.0,7.0,9.0,12.0,516.6666666666666,2.8095238095238093,10850.0,0.0,0.0,5.0,19.0,2.0,810.4,424.875,1243.4615384615386,1140.9308711338788,637.3901098901099,416.5306785737237,2.1538461538461537,2.553452312098929,0.0,0.0,0.0,0.0,14.5,8.992833732683357,1.0,0.9358423531355864,0.6923076923076923,0.6302418133245201,23,0.0,0.0,0.0,0.0,0.0,88.0,5.0,0.0,5656,32.0,35.0,61.3,342.0,6.0,1.7514285714285711,9.771428571428572,2136.0,111.0,2,0,4.99,1.1171428571428572,185864.0,40609.42857142857,0.0,0.0,0.0,0.0,0.0268,0.0079428571428571,0.0,0.0,178600.0,39164.71428571428,0.0,0.0,0.0,0.0,0.0,0.0,0.0,142857.14285714287
134,2026-06-11,Thursday,1.0,4.55,167837.0,163815.0,1.0,163815.0,0.0,1.0,New Awareness Campaign,Reach,0.0271,4.55,0.0006,1.0,1.0,0.0,0.0,0.0,0.0,0.0,2026-06-08,0.0,0.0,0,0.0,,,4.55,0.0,0,,0,,0,29.0,14.0,5.0,4.0,25.0,988.9655172413792,2.655172413793104,28680.0,0.0,0.0,16.0,23.0,6.0,1399.25,484.0,511.4285714285714,1073.515905147484,290.984126984127,418.548557520174,1.7142857142857142,2.429302652234983,0.0,0.0,0.0,0.0,5.238095238095238,7.824466385744581,0.6666666666666666,0.8882233055165386,0.238095238095238,0.5690173235286017,18,2.0,0.0,20.0,0.0,2.0,0.0,0.0,0.0,5674,34.0,37.0,61.3,362.0,6.0,1.6567567567567567,9.783783783783784,2136.0,111.0,3,0,4.8,1.802857142857143,177965.0,66033.0,0.0,0.0,0.0,0.0,0.027,0.0118,0.0,0.0,175035.0,64169.71428571428,0.0,0.0,0.0,0.0,0.0,0.0,0.0,142857.14285714287
135,2026-06-12,Friday,1.0,4.28,138052.0,134743.0,0.0,134743.0,0.0,1.0,New Awareness Campaign,Reach,0.031,0.0,0.0,1.0,1.0,0.0,0.0,0.0,0.0,0.0,2026-06-08,0.0,0.0,0,0.0,,,4.28,0.0,0,,0,,0,14.0,9.0,2.0,4.0,10.0,874.8571428571429,5.357142857142857,12248.0,0.0,0.0,7.0,14.0,0.0,1213.0,536.7142857142857,974.1379310344828,972.9040306336134,525.6091954022988,439.24386437389416,2.0689655172413794,2.3188541171040526,0.0,0.0,0.0,0.0,14.827586206896552,8.514121558158376,0.7586206896551724,0.8537405468958489,0.5517241379310345,0.5651282906014563,7,0.0,0.0,0.0,0.0,0.0,0.0,0.0,0.0,5681,34.0,37.0,61.3,362.0,6.0,1.6567567567567567,9.783783783783784,2136.0,111.0,4,1,4.55,2.4528571428571437,167837.0,90009.71428571429,1.0,0.1428571428571428,0.0006,8.571428571428571e-05,0.0271,0.0156714285714285,4.55,0.65,163815.0,87571.85714285714,0.0,0.0,0.0,0.0,0.0,0.0,0.0,95238.0
136,2026-06-13,Saturday,1.0,6.55,170243.0,166728.0,3.0,166555.0,0.0,2.0,Mother's day | New Awareness Campaign,Reach,0.0385,2.1833,0.0018,1.0,1.0,0.0,0.0,0.0,0.0,0.0,2026-06-08,0.0,0.0,0,0.0,,,6.55,0.0,0,,0,,0,17.0,8.0,3.0,2.0,15.0,858.6470588235294,3.941176470588236,14597.0,0.0,0.0,10.0,14.0,3.0,1206.9,361.1428571428572,862.1428571428571,1037.69994900096,277.16902145473574,454.6897790034823,2.7857142857142856,2.4106908517979297,0.0,0.0,0.0,0.0,12.714285714285714,9.677386864280823,1.0,0.8843527917938082,0.5,0.5957405354994155,8,0.0,0.0,0.0,0.0,0.0,0.0,0.0,0.0,5689,34.0,37.0,61.3,362.0,6.0,1.6567567567567567,9.783783783783784,2136.0,111.0,5,1,4.28,3.064285714285714,138052.0,109731.42857142857,0.0,0.1428571428571428,0.0,8.571428571428571e-05,0.031,0.0201,0.0,0.65,134743.0,106820.85714285714,0.0,0.0,0.0,0.0,0.0,0.0,0.0,47619.0
137,2026-06-14,Sunday,1.0,18.65,155602.0,149315.0,35.0,148431.0,0.0,2.0,Mother's day | New Awareness Campaign,Reach,0.1199,0.5329,0.0225,1.0,1.0,0.0,0.0,0.0,0.0,0.0,2026-06-08,0.0,0.0,0,0.0,,,18.65,0.0,0,,0,,0,45.0,30.0,1.0,8.0,37.0,1677.5333333333333,4.111111111111111,75489.0,0.0,0.0,40.0,39.0,6.0,1803.225,672.0,847.6470588235294,941.3198585032226,283.4873949579832,376.9182896385055,1.8823529411764703,2.4763017115264363,0.0,0.0,0.0,0.0,11.0,10.441123128017086,0.8235294117647058,0.8701317187492057,0.5882352941176471,0.5863675555382002,25,1.0,0.0,10.0,0.0,1.0,20.0,3.0,0.0,5714,35.0,38.0,61.3,372.0,6.0,1.613157894736842,9.789473684210526,2156.0,114.0,6,0,6.55,4.0,170243.0,134051.85714285713,3.0,0.5714285714285714,0.0018,0.0003428571428571,0.0385,0.0256,2.1833,0.9619,166555.0,130614.42857142857,0.0,0.0,0.0,0.0,0.0,0.0,0.0,0.0
138,2026-06-15,Monday,1.0,18.5,87713.0,83111.0,29.0,81252.0,0.0,2.0,Mother's day | New Awareness Campaign,Reach,0.2109,0.6379,0.0331,1.0,1.0,0.0,0.0,0.0,0.0,0.0,2026-06-15,0.0,0.0,0,0.0,,,18.5,0.0,0,,0,,0,28.0,14.0,2.0,4.0,24.0,896.8214285714286,3.928571428571429,25111.0,0.0,0.0,20.0,27.0,1.0,988.9,666.625,1670.888888888889,1026.8754140587782,686.6673721340388,433.09061264178087,2.311111111111111,2.3564604416851664,0.0,0.0,0.0,0.0,6.644444444444445,10.154615191509151,0.9555555555555556,0.8637825123999994,0.8888888888888888,0.5919231110937557,9,0.0,0.0,0.0,0.0,0.0,37.0,2.0,0.0,5723,35.0,38.0,61.3,372.0,6.0,1.613157894736842,9.789473684210526,2193.0,116.0,0,0,18.65,6.664285714285714,155602.0,156280.7142857143,35.0,5.571428571428571,0.0225,0.0035571428571428,0.1199,0.0427285714285714,0.5329,1.0380285714285713,148431.0,151818.85714285713,0.0,0.0,0.0,0.0,0.0,0.0,0.0,0.0
139,2026-06-16,Tuesday,0.0,0.0,0.0,0.0,0.0,0.0,0.0,0.0,,,0.0,0.0,0.0,1.0,1.0,0.0,0.0,0.0,0.0,0.0,2026-06-15,0.0,0.0,0,0.0,,,0.0,0.0,0,,0,,0,12.0,7.0,4.0,1.0,11.0,847.1666666666666,4.75,10166.0,0.0,0.0,2.0,9.0,3.0,3130.0,390.6,888.5714285714286,999.7540391930424,425.93820861678006,446.7493470628676,2.857142857142857,2.253345511502568,0.0,0.0,0.0,0.0,8.25,10.45348737196028,0.8928571428571429,0.8710327809284634,0.7142857142857143,0.5962195665180307,14,0.0,0.0,0.0,0.0,0.0,23.0,0.0,0.0,5737,35.0,38.0,61.3,372.0,6.0,1.613157894736842,9.789473684210526,2216.0,116.0,1,0,18.5,8.902857142857142,87713.0,154753.7142857143,29.0,9.714285714285714,0.0331,0.0082857142857142,0.2109,0.0687428571428571,0.6379,1.1291571428571427,81252.0,149775.85714285713,0.0,0.0,0.0,0.0,0.0,0.0,0.0,0.0
140,2026-06-17,Wednesday,0.0,0.0,0.0,0.0,0.0,0.0,0.0,0.0,,,0.0,0.0,0.0,1.0,1.0,0.0,0.0,0.0,0.0,0.0,2026-06-15,0.0,0.0,0,0.0,,,0.0,0.0,0,,0,,0,14.0,6.0,5.0,3.0,11.0,646.7857142857143,2.642857142857143,9055.0,0.0,0.0,8.0,8.0,6.0,888.375,324.6666666666667,836.6666666666666,941.6404860794892,166.07692307692307,379.41889180384095,2.25,2.2670817752388315,0.0,0.0,0.0,0.0,10.5,9.882058800531707,0.8333333333333334,0.8472232571189396,0.1666666666666666,0.5211279914264556,14,1.0,0.0,10.0,0.0,1.0,52.0,0.0,0.0,5751,36.0,39.0,61.3,382.0,6.0,1.5717948717948718,9.794871794871796,2268.0,116.0,2,0,0.0,8.19,0.0,128201.71428571428,0.0,9.714285714285714,0.0,0.0082857142857142,0.0,0.0649142857142857,0.0,1.1291571428571427,0.0,124261.57142857143,0.0,0.0,0.0,0.0,0.0,0.0,0.0,0.0
141,2026-06-18,Thursday,0.0,0.0,0.0,0.0,0.0,0.0,0.0,0.0,,,0.0,0.0,0.0,1.0,1.0,0.0,0.0,0.0,0.0,0.0,2026-06-15,0.0,0.0,0,0.0,,,0.0,0.0,0,,0,,0,8.0,7.0,0.0,3.0,5.0,1064.375,2.75,8515.0,0.0,0.0,5.0,4.0,4.0,1528.2,291.3333333333333,630.0,958.5792615896931,290.5952380952381,379.3633362482854,1.8571428571428568,2.2874899385041374,0.0,0.0,0.0,0.0,16.785714285714285,11.531718664477284,1.0,0.8948423047379872,0.5714285714285714,0.5687470390455033,14,0.0,0.0,0.0,0.0,0.0,0.0,0.0,0.0,5765,36.0,39.0,61.3,382.0,6.0,1.5717948717948718,9.794871794871796,2268.0,116.0,3,0,0.0,7.504285714285714,0.0,102778.14285714286,0.0,9.714285714285714,0.0,0.0082857142857142,0.0,0.0610571428571428,0.0,1.1291571428571427,0.0,99256.57142857143,0.0,0.0,0.0,0.0,0.0,0.0,0.0,0.0
142,2026-06-19,Friday,0.0,0.0,0.0,0.0,0.0,0.0,0.0,0.0,,,0.0,0.0,0.0,1.0,1.0,0.0,0.0,0.0,0.0,0.0,2026-06-15,0.0,0.0,0,0.0,,,0.0,0.0,0,,0,,0,16.0,9.0,1.0,3.0,13.0,1397.9375,4.625,22367.0,0.0,0.0,11.0,14.0,2.0,1837.909090909091,430.0,1055.0,970.1309857276244,504.2708333333333,376.3149988098617,2.375,2.331209150326797,0.0,0.0,0.0,0.0,9.375,10.752777777777778,1.0,0.9293250633586768,0.625,0.5792150193410698,16,0.0,0.0,0.0,0.0,0.0,0.0,0.0,0.0,5781,36.0,39.0,61.3,382.0,6.0,1.5717948717948718,9.794871794871796,2268.0,116.0,4,1,0.0,6.854285714285714,0.0,78801.42857142857,0.0,9.571428571428571,0.0,0.0081999999999999,0.0,0.0571857142857142,0.0,0.4791571428571428,0.0,75854.42857142857,0.0,0.0,0.0,0.0,0.0,0.0,0.0,0.0
143,2026-06-20,Saturday,0.0,0.0,0.0,0.0,0.0,0.0,0.0,0.0,,,0.0,0.0,0.0,1.0,1.0,0.0,0.0,0.0,0.0,0.0,2026-06-15,0.0,0.0,0,0.0,,,0.0,0.0,0,,0,,0,12.0,7.0,1.0,1.0,11.0,889.5833333333334,4.833333333333333,10675.0,0.0,0.0,10.0,11.0,1.0,904.6,814.5,1393.125,1045.9855775643591,468.4656385281385,403.643086963205,3.4375,2.4243213952247564,0.0,0.0,0.0,0.0,4.8125,9.623951247165532,1.0,0.9293250633586768,0.6875,0.6060007336267841,15,0.0,0.0,0.0,0.0,0.0,0.0,0.0,5.0,5796,36.0,39.0,61.3,382.0,6.0,1.5717948717948718,9.794871794871796,2268.0,116.0,5,1,0.0,6.242857142857142,0.0,59079.71428571428,0.0,9.571428571428571,0.0,0.0081999999999999,0.0,0.0527571428571428,0.0,0.4791571428571428,0.0,56605.42857142857,0.0,0.0,0.0,0.0,0.0,0.0,0.0,0.0
144,2026-06-21,Sunday,0.0,0.0,0.0,0.0,0.0,0.0,0.0,0.0,,,0.0,0.0,0.0,1.0,1.0,0.0,0.0,0.0,0.0,0.0,2026-06-15,0.0,0.0,0,0.0,,,0.0,0.0,0,,0,,0,27.0,12.0,4.0,5.0,22.0,1368.3333333333333,4.25925925925926,36945.0,0.0,0.0,19.0,25.0,2.0,1760.8947368421052,436.0,881.6666666666666,1050.84552154195,372.7132936507937,416.3896439193208,3.25,2.619699546485261,0.0,0.0,0.0,0.0,7.916666666666667,9.183475056689344,1.0,0.9545351473922904,0.8333333333333334,0.6410147392290249,13,0.0,0.0,0.0,0.0,0.0,175.0,0.0,1.0,5809,36.0,39.0,61.3,382.0,6.0,1.5717948717948718,9.794871794871796,2443.0,116.0,6,0,0.0,5.307142857142857,0.0,34759.28571428572,0.0,9.142857142857142,0.0,0.0079428571428571,0.0,0.0472571428571428,0.0,0.1672571428571428,0.0,32811.857142857145,0.0,0.0,0.0,0.0,0.0,0.0,0.0,0.0
145,2026-06-22,Monday,0.0,0.0,0.0,0.0,0.0,0.0,0.0,0.0,,,0.0,0.0,0.0,1.0,1.0,0.0057,1.1429,0.4286,0.0133,37.5,2026-06-22,0.0,0.0,0,0.0,,,0.0057,0.0,0,,0,,0,25.0,13.0,4.0,6.0,19.0,1182.96,4.56,29574.0,0.0,0.0,19.0,20.0,5.0,1188.3157894736842,1166.0,1339.074074074074,1003.4434051398338,477.2765963730876,386.47667595347065,2.3703703703703702,2.6281651549508696,0.0,0.0,0.0,0.0,29.25925925925926,12.414162887377174,0.925925925925926,0.950302343159486,0.7037037037037037,0.6145597127739985,18,0.0,0.0,0.0,0.0,0.0,113.0,0.0,0.0,5827,36.0,39.0,61.3,382.0,6.0,1.5717948717948718,9.794871794871796,2556.0,116.0,0,0,0.0,2.642857142857143,0.0,12530.42857142857,0.0,4.142857142857143,0.0,0.0047285714285714,0.0,0.0301285714285714,0.0,0.0911285714285714,0.0,11607.42857142857,0.0,0.0,0.0,0.0,0.0,0.0,0.0,0.0
146,2026-06-23,Tuesday,0.0,0.0,0.0,0.0,0.0,0.0,0.0,0.0,,,0.0,0.0,0.0,1.0,1.0,0.0057,1.1429,0.4286,0.0133,37.5,2026-06-22,0.0,0.0,0,0.0,,,0.0057,0.0,0,,0,,0,13.0,5.0,4.0,2.0,11.0,919.5384615384615,3.3076923076923075,11954.0,0.0,0.0,8.0,12.0,1.0,1383.75,176.8,1160.0,1042.2189153439151,441.0076190476191,388.6294488721619,3.0,2.6485733182161755,0.0,0.0,0.0,0.0,22.96,14.515591458805744,0.96,0.95989417989418,0.76,0.6210903250188965,10,0.0,0.0,0.0,0.0,0.0,34.0,4.0,0.0,5837,36.0,39.0,61.3,382.0,6.0,1.5717948717948718,9.794871794871796,2590.0,120.0,1,0,0.0057,0.0008142857142857,0.0,0.0,0.0,0.0,0.0,0.0,0.0,0.0,0.0,0.0,0.0,0.0,1.1429,0.1632714285714285,0.4286,0.0612285714285714,37.5,5.357142857142857,0.0,0.0
147,2026-06-24,Wednesday,0.0,0.0,0.0,0.0,0.0,0.0,0.0,0.0,,,0.0,0.0,0.0,1.0,1.0,0.0057,1.1429,0.4286,0.0133,37.5,2026-06-22,0.0,0.0,0,0.0,,,0.0057,0.0,0,,0,,0,22.0,10.0,2.0,6.0,16.0,956.5454545454544,3.727272727272727,21044.0,0.0,0.0,15.0,16.0,6.0,1218.6666666666667,394.8571428571428,910.7692307692308,1052.804995929996,354.48717948717945,415.5451997879128,2.1538461538461537,2.634837054479912,0.0,0.0,0.0,0.0,8.76923076923077,14.268338711552998,1.0,0.9837037037037036,0.6153846153846154,0.6851928891214606,11,1.0,0.0,10.0,0.0,1.0,36.0,0.0,0.0,5848,37.0,40.0,61.3,392.0,6.0,1.5325,9.8,2626.0,120.0,2,0,0.0057,0.0016285714285714,0.0,0.0,0.0,0.0,0.0,0.0,0.0,0.0,0.0,0.0,0.0,0.0,1.1429,0.3265428571428571,0.4286,0.1224571428571428,37.5,10.714285714285714,0.0,0.0
148,2026-06-25,Thursday,0.0,0.0,0.0,0.0,0.0,0.0,0.0,0.0,,,0.0,0.0,0.0,1.0,1.0,0.0057,1.1429,0.4286,0.0133,37.5,2026-06-22,0.0,0.0,0,0.0,,,0.0057,0.0,0,,0,,0,11.0,6.0,2.0,3.0,8.0,758.0,3.363636363636364,8338.0,0.0,0.0,7.0,7.0,4.0,995.5714285714286,342.25,951.818181818182,1098.779021904022,531.1845238095239,449.9150977470966,2.363636363636364,2.7071932696932697,0.0,0.0,0.0,0.0,4.727272727272728,12.545704203204206,0.9545454545454546,0.9772101972101972,0.6818181818181818,0.7009628334628334,13,0.0,0.0,0.0,0.0,0.0,0.0,0.0,0.0,5861,37.0,40.0,61.3,392.0,6.0,1.5325,9.8,2626.0,120.0,3,0,0.0057,0.0024428571428571,0.0,0.0,0.0,0.0,0.0,0.0,0.0,0.0,0.0,0.0,0.0,0.0,1.1429,0.4898142857142857,0.4286,0.1836857142857142,37.5,16.071428571428573,0.0,0.0
149,2026-06-26,Friday,0.0,0.0,0.0,0.0,0.0,0.0,0.0,0.0,,,0.0,0.0,0.0,1.0,1.0,0.0057,1.1429,0.4286,0.0133,37.5,2026-06-22,0.0,0.0,0,0.0,,,0.0057,0.0,0,,0,,0,39.0,13.0,9.0,7.0,32.0,2588.5641025641025,5.82051282051282,100954.0,0.0,0.0,24.0,35.0,4.0,4033.4583333333335,276.7333333333333,748.1818181818181,1054.9478530728531,279.1017316017316,417.7480832140105,2.4545454545454546,2.7185569060569064,0.0,0.0,0.0,0.0,9.818181818181818,12.609015891515892,1.0,0.9772101972101972,0.6363636363636364,0.70258621008621,19,0.0,0.0,0.0,0.0,0.0,18.0,0.0,0.0,5880,37.0,40.0,61.3,392.0,6.0,1.5325,9.8,2644.0,120.0,4,1,0.0057,0.0032571428571428,0.0,0.0,0.0,0.0,0.0,0.0,0.0,0.0,0.0,0.0,0.0,0.0,1.1429,0.6530857142857143,0.4286,0.2449142857142857,37.5,21.428571428571427,0.0,0.0
150,2026-06-27,Saturday,0.0,0.0,0.0,0.0,0.0,0.0,0.0,0.0,,,0.0,0.0,0.0,1.0,1.0,0.0057,1.1429,0.4286,0.0133,37.5,2026-06-22,0.0,0.0,0,0.0,,,0.0057,0.0,0,,0,,0,26.0,14.0,5.0,3.0,23.0,1035.5,4.153846153846154,26923.0,0.0,0.0,15.0,22.0,4.0,1276.7333333333331,706.5454545454545,2569.230769230769,1222.962962962963,469.48329448329446,417.8934626361756,2.6923076923076925,2.612100862100862,0.0,0.0,0.0,0.0,19.33333333333333,14.683420653420653,0.9487179487179488,0.9698841898841898,0.6153846153846154,0.6922840122840123,15,0.0,0.0,0.0,0.0,0.0,90.0,0.0,0.0,5895,37.0,40.0,61.3,392.0,6.0,1.5325,9.8,2734.0,120.0,5,1,0.0057,0.0040714285714285,0.0,0.0,0.0,0.0,0.0,0.0,0.0,0.0,0.0,0.0,0.0,0.0,1.1429,0.8163571428571429,0.4286,0.3061428571428571,37.5,26.785714285714285,0.0,0.0
151,2026-06-28,Sunday,0.0,0.0,0.0,0.0,0.0,0.0,0.0,0.0,,,0.0,0.0,0.0,1.0,1.0,0.0057,1.1429,0.4286,0.0133,37.5,2026-06-22,0.0,0.0,0,0.0,,,0.0057,0.0,0,,0,,0,15.0,8.0,7.0,3.0,12.0,640.9333333333333,3.533333333333333,9614.0,0.0,0.0,4.0,11.0,4.0,1425.0,355.8181818181818,1025.0,1243.4391534391532,294.4130036630037,406.7077069236343,2.769230769230769,2.5434195434195432,0.0,0.0,0.0,0.0,10.5,15.052468272468271,0.9230769230769232,0.9588951788951788,0.5769230769230769,0.6556539756539757,16,1.0,0.0,10.0,0.0,1.0,14.0,0.0,0.0,5911,38.0,41.0,61.3,402.0,6.0,1.4951219512195122,9.804878048780488,2748.0,120.0,6,0,0.0057,0.0048857142857142,0.0,0.0,0.0,0.0,0.0,0.0,0.0,0.0,0.0,0.0,0.0,0.0,1.1429,0.9796285714285714,0.4286,0.3673714285714285,37.5,32.142857142857146,0.0,0.0
152,2026-06-29,Monday,0.0,0.0,0.0,0.0,0.0,0.0,0.0,0.0,,,0.0,0.0,0.0,1.0,1.0,13.1214,10325.8571,171.2857,0.0766,1.6588,2026-06-29,0.0,0.0,0,0.0,,,13.1214,0.0,0,,0,,0,23.0,14.0,2.0,8.0,15.0,690.4173913043478,3.217391304347826,16310.0,430.4,6.0,9.0,20.0,3.0,1183.6222222222225,373.3571428571428,635.3333333333334,1142.9047619047617,192.21666666666667,365.98485982271694,2.533333333333333,2.566699966699967,0.0,0.0,0.0,0.0,5.6,11.672574092574092,0.8666666666666667,0.9504295704295704,0.2666666666666666,0.5932201132201131,25,0.0,0.0,0.0,0.0,0.0,13.0,0.0,1.0,5936,38.0,41.0,61.3,402.0,6.0,1.4951219512195122,9.804878048780488,2761.0,120.0,0,0,0.0057,0.0057,0.0,0.0,0.0,0.0,0.0,0.0,0.0,0.0,0.0,0.0,0.0,0.0,1.1429,1.1429,0.4286,0.4286,37.5,37.5,0.0,0.0
153,2026-06-30,Tuesday,0.0,0.0,0.0,0.0,0.0,0.0,0.0,0.0,,,0.0,0.0,0.0,1.0,1.0,13.1214,10325.8571,171.2857,0.0766,1.6588,2026-06-29,0.0,0.0,0,0.0,,,13.1214,0.0,0,,0,,0,20.0,11.0,5.0,3.0,17.0,875.32,4.8,17560.0,53.6,3.0,11.0,15.0,5.0,1078.7272727272727,626.7111111111111,692.1739130434783,1076.0724637681158,294.5289855072464,345.05934074552084,2.0434782608695654,2.430054003967048,0.2608695652173913,0.0372670807453416,18.713043478260868,2.6732919254658465,16.956521739130434,10.814934341021296,0.9130434782608696,0.943721495895409,0.391304347826087,0.5405493057666971,14,0.0,0.0,0.0,0.0,0.0,1.0,0.0,0.0,5950,38.0,41.0,61.3,402.0,6.0,1.4951219512195122,9.804878048780488,2762.0,120.0,1,0,13.1214,1.8793714285714285,0.0,0.0,0.0,0.0,0.0,0.0,0.0,0.0,0.0,0.0,0.0,0.0,10325.8571,1476.1020714285714,171.2857,24.83675714285714,1.6588,32.379828571428575,0.0,0.0
154,2026-07-01,Wednesday,0.0,0.0,0.0,0.0,0.0,0.0,0.0,0.0,,,0.0,0.0,0.0,1.0,1.0,13.1214,10325.8571,171.2857,0.0766,1.6588,2026-06-29,0.0,0.0,0,0.0,,,13.1214,0.0,0,,0,,0,19.0,11.0,6.0,3.0,16.0,408.2631578947368,2.3157894736842106,7792.0,35.0,2.0,5.0,16.0,3.0,730.0,293.35714285714283,867.0,1069.8197165153686,254.4972222222222,330.7750611362412,2.15,2.429504553417597,0.15,0.0586956521739131,2.68,3.056149068322989,11.0,11.133615659702617,1.0,0.943721495895409,0.55,0.5312086464260377,11,1.0,0.0,15.0,0.0,1.0,24.0,0.0,0.0,5961,39.0,42.0,61.3,417.0,6.0,1.4595238095238094,9.928571428571429,2786.0,120.0,2,0,13.1214,3.753042857142857,0.0,0.0,0.0,0.0,0.0,0.0,0.0,0.0,0.0,0.0,0.0,0.0,10325.8571,2951.0612428571426,171.2857,49.24491428571428,1.6588,27.259657142857144,0.0,0.0
155,2026-07-02,Thursday,0.0,0.0,0.0,0.0,0.0,0.0,0.0,0.0,,,0.0,0.0,0.0,1.0,1.0,13.1214,10325.8571,171.2857,0.0766,1.6588,2026-06-29,0.0,0.0,0,0.0,,,13.1214,0.0,0,,0,,0,19.0,10.0,5.0,6.0,13.0,1164.2947368421053,3.684210526315789,22621.0,499.4,3.0,8.0,11.0,8.0,1811.625,693.5090909090909,408.9473684210527,992.2667431729216,223.59649122807016,286.83391362460503,1.7894736842105263,2.34748131349962,0.1052631578947368,0.0737332461588755,1.8421052631578947,3.319306963059831,1.1578947368421053,10.623704518212524,1.0,0.9502150023889157,0.2631578947368421,0.4714000339858463,22,0.0,0.0,0.0,0.0,0.0,0.0,0.0,0.0,5983,39.0,42.0,61.3,417.0,6.0,1.4595238095238094,9.928571428571429,2786.0,120.0,3,0,13.1214,5.626714285714286,0.0,0.0,0.0,0.0,0.0,0.0,0.0,0.0,0.0,0.0,0.0,0.0,10325.8571,4426.020414285714,171.2857,73.65307142857144,1.6588,22.13948571428572,0.0,0.0
156,2026-07-03,Friday,0.0,0.0,0.0,0.0,0.0,0.0,0.0,0.0,,,0.0,0.0,0.0,1.0,1.0,13.1214,10325.8571,171.2857,0.0766,1.6588,2026-06-29,0.0,0.0,0,0.0,,,13.1214,0.0,0,,0,,0,10.0,5.0,1.0,2.0,8.0,1446.3,3.5,14463.0,0.0,0.0,7.0,8.0,2.0,1823.7142857142856,565.6666666666666,1178.421052631579,1053.7294909514587,380.2251461988304,301.2801157099048,2.8947368421052637,2.410365797436736,0.1578947368421052,0.0962896371363191,26.28421052631579,7.074194181104944,12.157894736842104,10.957949220878282,0.8421052631578947,0.927658611411472,0.4210526315789473,0.440641319016605,16,0.0,0.0,0.0,0.0,0.0,0.0,0.0,0.0,5999,39.0,42.0,61.3,417.0,6.0,1.4595238095238094,9.928571428571429,2786.0,120.0,4,1,13.1214,7.500385714285715,0.0,0.0,0.0,0.0,0.0,0.0,0.0,0.0,0.0,0.0,0.0,0.0,10325.8571,5900.979585714286,171.2857,98.06122857142856,1.6588,17.019314285714284,0.0,0.0
157,2026-07-04,Saturday,0.0,0.0,0.0,0.0,0.0,0.0,0.0,0.0,,,0.0,0.0,0.0,1.0,1.0,13.1214,10325.8571,171.2857,0.0766,1.6588,2026-06-29,0.0,0.0,0,0.0,,,13.1214,0.0,0,,0,,0,61.0,19.0,8.0,31.0,30.0,1392.2459016393443,4.819672131147541,85014.0,87.0,4.0,49.0,55.0,6.0,1582.204081632653,616.5833333333334,1331.0,876.8393810613491,498.05,305.36107364086274,2.2,2.3400361271070653,0.0,0.0962896371363191,0.0,7.074194181104944,115.3,24.66747303040209,1.0,0.9349846187374792,0.7,0.4527292311045171,231,0.0,0.0,0.0,0.0,0.0,0.0,0.0,0.0,6230,39.0,42.0,61.3,417.0,6.0,1.4595238095238094,9.928571428571429,2786.0,120.0,5,1,13.1214,9.374057142857142,0.0,0.0,0.0,0.0,0.0,0.0,0.0,0.0,0.0,0.0,0.0,0.0,10325.8571,7375.938757142857,171.2857,122.4693857142857,1.6588,11.899142857142856,0.0,0.0
158,2026-07-05,Sunday,0.0,0.0,0.0,0.0,0.0,0.0,0.0,0.0,,,0.0,0.0,0.0,1.0,1.0,13.1214,10325.8571,171.2857,0.0766,1.6588,2026-06-29,1.0,6600.0,18667,0.0,Hadia,Reel,13.1214,6600.0,1,Hadia,0,,0,90.0,28.0,10.0,44.0,46.0,1304.61,4.733333333333333,117431.0,16.1,1.0,72.0,71.0,19.0,1481.0694444444443,598.7722222222222,1384.0819672131147,928.1368049489369,495.05042225534027,334.0235620111966,2.1475409836065573,2.2512233005893205,0.0655737704918032,0.1056573186351481,1.4262295081967211,7.277941253704475,9.59016393442623,24.53749644960584,0.918032786885246,0.9342640278529538,0.8032786885245902,0.4850657470475904,232,0.0,0.0,0.0,0.0,0.0,0.0,0.0,1.0,6462,39.0,42.0,61.3,417.0,6.0,1.4595238095238094,9.928571428571429,2786.0,120.0,6,0,13.1214,11.247728571428569,0.0,0.0,0.0,0.0,0.0,0.0,0.0,0.0,0.0,0.0,0.0,0.0,10325.8571,8850.897928571429,171.2857,146.87754285714283,1.6588,6.778971428571429,0.0,0.0
159,2026-07-06,Monday,0.0,0.0,0.0,0.0,0.0,0.0,0.0,0.0,,,0.0,0.0,0.0,1.0,1.0,9.8786,7116.1429,98.7143,0.1001,1.3872,2026-07-06,0.0,0.0,18667,0.0,,,9.8786,0.0,1,Hadia,0,,0,66.0,19.0,13.0,28.0,38.0,1325.7727272727273,5.409090909090909,87978.0,477.0,2.0,49.0,51.0,15.0,1522.8367346938776,757.7647058823529,1274.0,1019.374900187032,389.90361151194486,362.2645541319506,2.511111111111111,2.248048697414718,0.0111111111111111,0.1072446202224497,0.1788888888888889,7.303496809260031,30.788888888888888,28.135909148018538,0.8444444444444444,0.9310894246783504,0.8,0.5612562232380667,145,1.0,0.0,20.0,0.0,2.0,0.0,0.0,1.0,6607,40.0,44.0,61.3,437.0,6.0,1.393181818181818,9.931818181818182,2786.0,120.0,0,0,13.1214,13.1214,0.0,0.0,0.0,0.0,0.0,0.0,0.0,0.0,0.0,0.0,0.0,0.0,10325.8571,10325.8571,171.2857,171.2857,1.6588,1.6588,18667.0,2666.714285714286
160,2026-07-07,Tuesday,0.0,0.0,0.0,0.0,0.0,0.0,0.0,0.0,,,0.0,0.0,0.0,1.0,1.0,9.8786,7116.1429,98.7143,0.1001,1.3872,2026-07-06,0.0,0.0,18666,0.0,,,9.8786,0.0,1,Hadia,1,Movie.af,12000,35.0,11.0,4.0,12.0,23.0,951.8857142857142,4.771428571428571,33316.0,0.0,0.0,24.0,33.0,2.0,1069.5,695.2727272727273,1325.909090909091,1109.908497024977,391.7962643417189,376.1598796797324,2.6515151515151514,2.334911110364087,0.0303030303030303,0.0743065438061124,7.227272727272727,5.662672416261725,7.090909090909091,26.726535912558347,0.9393939393939394,0.9348537762687892,0.7424242424242424,0.6114162081806603,45,0.0,0.0,0.0,0.0,0.0,53.0,0.0,0.0,6652,40.0,44.0,61.3,437.0,6.0,1.393181818181818,9.931818181818182,2839.0,120.0,1,0,9.8786,12.658142857142858,0.0,0.0,0.0,0.0,0.0,0.0,0.0,0.0,0.0,0.0,0.0,0.0,7116.1429,9867.3265,98.7143,160.9183571428571,1.3872,1.6200000000000003,18667.0,5333.428571428572
161,2026-07-08,Wednesday,0.0,0.0,0.0,0.0,0.0,0.0,0.0,0.0,,,0.0,0.0,0.0,1.0,1.0,9.8786,7116.1429,98.7143,0.1001,1.3872,2026-07-06,0.0,0.0,0,0.0,,,9.8786,0.0,0,,1,Movie.af,12000,33.0,20.0,2.0,12.0,21.0,862.060606060606,3.303030303030303,28485.0,37.0,2.0,20.0,24.0,9.0,1116.75,470.2307692307692,946.2857142857144,1121.2350276372215,283.5708719851577,380.3132582172946,2.4571428571428573,2.3787886613844957,0.0,0.052877972377541,0.0,5.279815273404582,5.6,25.95510734112977,0.9142857142857144,0.9226088783096056,0.6857142857142857,0.630803963282701,47,0.0,0.0,0.0,0.0,0.0,1.0,0.0,0.0,6699,40.0,44.0,61.3,437.0,6.0,1.393181818181818,9.931818181818182,2840.0,120.0,2,0,9.8786,12.194885714285714,0.0,0.0,0.0,0.0,0.0,0.0,0.0,0.0,0.0,0.0,0.0,0.0,7116.1429,9408.7959,98.7143,150.55101428571427,1.3872,1.5812000000000002,18666.0,8000.0
162,2026-07-09,Thursday,0.0,0.0,0.0,0.0,0.0,0.0,0.0,0.0,,,0.0,0.0,0.0,1.0,1.0,9.8786,7116.1429,98.7143,0.1001,1.3872,2026-07-06,0.0,0.0,0,0.0,,,9.8786,0.0,0,,1,Movie.af,12000,33.0,20.0,3.0,13.0,20.0,1102.6363636363635,5.9393939393939394,36438.0,51.0,2.0,21.0,25.0,8.0,1335.6666666666667,694.8333333333334,814.8484848484849,1179.2209014125692,313.9505772005772,393.2209847847956,2.636363636363636,2.499772940263511,0.0606060606060606,0.0464983870505873,1.121212121212121,5.1768305388409015,48.333333333333336,32.69445571205709,0.8787878787878788,0.9052928609935884,0.6060606060606061,0.6797900649003816,50,0.0,0.0,0.0,0.0,0.0,2.0,0.0,0.0,6749,40.0,44.0,61.3,437.0,6.0,1.393181818181818,9.931818181818182,2842.0,120.0,3,0,9.8786,11.731628571428573,0.0,0.0,0.0,0.0,0.0,0.0,0.0,0.0,0.0,0.0,0.0,0.0,7116.1429,8950.2653,98.7143,140.18367142857144,1.3872,1.5424000000000002,0.0,8000.0
163,2026-07-10,Friday,0.0,0.0,0.0,0.0,0.0,0.0,0.0,0.0,,,0.0,0.0,0.0,1.0,1.0,9.8786,7116.1429,98.7143,0.1001,1.3872,2026-07-06,0.0,0.0,0,0.0,,,9.8786,0.0,0,,1,Movie.af,12000,47.0,22.0,8.0,20.0,27.0,912.3829787234042,3.808510638297872,42939.0,57.0,3.0,29.0,39.0,8.0,1287.103448275862,308.6666666666667,1089.090909090909,1166.4594523353303,338.50216870671414,387.26055942877895,3.363636363636364,2.566758586196525,0.0606060606060606,0.0326000047311523,1.5454545454545454,1.6427225415750086,15.090909090909092,33.11345776263809,0.9393939393939394,0.9191912433130232,0.6363636363636364,0.7105487798696231,55,0.0,0.0,0.0,0.0,0.0,0.0,0.0,1.0,6804,40.0,44.0,61.3,437.0,6.0,1.393181818181818,9.931818181818182,2842.0,120.0,4,1,9.8786,11.268371428571427,0.0,0.0,0.0,0.0,0.0,0.0,0.0,0.0,0.0,0.0,0.0,0.0,7116.1429,8491.734699999999,98.7143,129.81632857142856,1.3872,1.5036000000000005,0.0,8000.0
164,2026-07-11,Saturday,0.0,0.0,0.0,0.0,0.0,0.0,0.0,0.0,,,0.0,0.0,0.0,1.0,1.0,9.8786,7116.1429,98.7143,0.1001,1.3872,2026-07-06,0.0,0.0,0,0.0,,,9.8786,0.0,0,,1,Movie.af,12000,45.0,18.0,9.0,14.0,31.0,1041.5333333333333,3.2222222222222223,47195.0,326.0,3.0,26.0,36.0,9.0,1421.9615384615386,520.9473684210526,903.8297872340426,1105.435136225908,358.83333333333337,367.3724641906838,2.0,2.5381871576250967,0.0638297872340425,0.041718545764587,1.2127659574468086,1.815974821210267,9.76595744680851,18.03716596932502,0.9361702127659576,0.9100727022795886,0.6170212765957447,0.698694676526158,50,0.0,0.0,0.0,0.0,0.0,0.0,0.0,0.0,6854,40.0,44.0,61.3,437.0,6.0,1.393181818181818,9.931818181818182,2842.0,120.0,5,1,9.8786,10.805114285714286,0.0,0.0,0.0,0.0,0.0,0.0,0.0,0.0,0.0,0.0,0.0,0.0,7116.1429,8033.204100000001,98.7143,119.44898571428573,1.3872,1.4648,0.0,8000.0
165,2026-07-12,Sunday,0.0,0.0,0.0,0.0,0.0,0.0,0.0,0.0,,,0.0,0.0,0.0,1.0,1.0,9.8786,7116.1429,98.7143,0.1001,1.3872,2026-07-06,0.0,0.0,0,0.0,,,9.8786,0.0,0,,1,Movie.af,12000,35.0,13.0,9.0,7.0,28.0,948.5142857142856,5.457142857142857,33198.0,0.0,0.0,22.0,21.0,14.0,1314.6363636363635,328.9230769230769,1042.3333333333333,1056.6139028145108,501.6851851851852,368.3202874663759,2.2,2.54568130282416,0.0666666666666666,0.0418746737895674,7.2444444444444445,2.6471483835313703,6.444444444444445,17.587777470756194,0.8222222222222222,0.8963854787562994,0.5777777777777777,0.6664802607051847,41,0.0,0.0,0.0,0.0,0.0,7.0,0.0,0.0,6895,40.0,44.0,61.3,437.0,6.0,1.393181818181818,9.931818181818182,2849.0,120.0,6,0,9.8786,10.341857142857142,0.0,0.0,0.0,0.0,0.0,0.0,0.0,0.0,0.0,0.0,0.0,0.0,7116.1429,7574.6735,98.7143,109.08164285714284,1.3872,1.4260000000000002,0.0,8000.0
166,2026-07-13,Monday,1.0,5.94,53295.0,43836.0,942.0,987.0,0.0,1.0,football fun,Profile and Page visits,0.1115,0.0063,1.7675,1.0,1.0,9.8657,5647.1429,75.4286,0.1308,1.3357,2026-07-13,1.0,5500.0,16667,0.0,Morsal Hamgam,Reel,15.8057,5500.0,1,Morsal Hamgam,1,Movie.af,12000,35.0,17.0,6.0,16.0,19.0,949.1428571428572,3.7714285714285714,33268.0,48.0,2.0,23.0,25.0,10.0,1231.304347826087,408.3333333333333,935.4285714285714,1008.2465558757352,195.53872318158037,340.5538748477524,3.0,2.6155225726654296,0.0,0.0402873722022659,0.0,2.6215928279758147,13.085714285714284,15.058752527445536,0.9428571428571428,0.9104444356723992,0.6285714285714286,0.6419904647868174,49,0.0,0.0,0.0,0.0,0.0,0.0,0.0,1.0,6944,40.0,44.0,61.3,437.0,6.0,1.393181818181818,9.931818181818182,2849.0,120.0,0,0,9.8786,9.8786,0.0,0.0,0.0,0.0,0.0,0.0,0.0,0.0,0.0,0.0,0.0,0.0,7116.1429,7116.1429,98.7143,98.7143,1.3872,1.3872,0.0,5333.285714285715
167,2026-07-14,Tuesday,1.0,7.21,86610.0,65024.0,1869.0,1858.0,0.0,1.0,football fun,Profile and Page visits,0.0832,0.0039,2.1579,1.0,1.0,9.8657,5647.1429,75.4286,0.1308,1.3357,2026-07-13,0.0,0.0,16667,0.0,,,17.0757,0.0,1,Morsal Hamgam,1,Movie.af,12000,37.0,12.0,10.0,11.0,26.0,888.9243243243243,2.864864864864865,32967.0,76.8,4.0,22.0,26.0,11.0,1223.3181818181818,398.48,941.7142857142856,953.3615837050486,367.97222222222223,337.15044025925283,2.3714285714285714,2.5755102040816324,0.0571428571428571,0.044121633179384,1.3714285714285714,1.785043662855221,8.8,15.30290837160138,0.9142857142857144,0.9068575463712242,0.6571428571428571,0.6298074097466194,41,0.0,0.0,0.0,0.0,0.0,3.0,0.0,0.0,6985,40.0,44.0,61.3,437.0,6.0,1.393181818181818,9.931818181818182,2852.0,120.0,1,0,15.8057,10.725328571428571,53295.0,7613.571428571428,942.0,134.57142857142858,1.7675,0.2525,0.1115,0.0159285714285714,0.0063,0.0009,987.0,141.0,5647.1429,6906.285757142857,75.4286,95.38777142857144,1.3357,1.379842857142857,16667.0,5047.571428571428
168,2026-07-15,Wednesday,1.0,8.83,97670.0,67435.0,2471.0,2453.0,0.0,1.0,football fun,Profile and Page visits,0.0904,0.0036,2.5299,1.0,1.0,9.8657,5647.1429,75.4286,0.1308,1.3357,2026-07-13,0.0,0.0,16666,0.0,,,18.6957,0.0,1,Morsal Hamgam,1,Movie.af,12000,36.0,13.0,6.0,12.0,24.0,1360.7222222222222,5.25,48986.0,0.0,0.0,26.0,30.0,6.0,1749.6923076923076,349.4,877.4324324324324,943.5254005831512,468.2825552825552,363.53782358745246,2.081081081081081,2.5217870932156647,0.1081081081081081,0.0595656486233994,2.075675675675676,2.0815687593803176,13.567567567567568,16.44113230982532,0.945945945945946,0.9113804366084002,0.5945945945945946,0.616790311015235,24,0.0,0.0,0.0,0.0,0.0,4.0,0.0,0.0,7009,40.0,44.0,61.3,437.0,6.0,1.393181818181818,9.931818181818182,2856.0,120.0,2,0,17.0757,11.753485714285716,86610.0,19986.42857142857,1869.0,401.57142857142856,2.1579,0.5607714285714286,0.0832,0.0278142857142857,0.0039,0.0014571428571428,1858.0,406.4285714285714,5647.1429,6696.4286142857145,75.4286,92.06124285714284,1.3357,1.3724857142857143,16667.0,4762.0
169,2026-07-16,Thursday,0.0,0.0,0.0,0.0,0.0,0.0,0.0,0.0,,,0.0,0.0,0.0,1.0,1.0,9.8657,5647.1429,75.4286,0.1308,1.3357,2026-07-13,0.0,0.0,0,0.0,,,9.8657,0.0,0,,1,Movie.af,12000,39.0,24.0,2.0,14.0,25.0,1126.7948717948718,4.0256410256410255,43985.0,40.0,2.0,26.0,30.0,9.0,1504.1538461538462,372.0769230769231,1338.888888888889,1018.3883154460664,440.2435966810967,381.579683513241,2.333333333333333,2.4784970499256214,0.0,0.0509076399653908,0.0,1.9213955992071572,21.83333333333333,12.655418024111032,0.8888888888888888,0.9128234380514016,0.7222222222222222,0.6333848276097517,29,0.0,0.0,20.0,0.0,2.0,0.0,0.0,1.0,7038,40.0,46.0,61.3,457.0,6.0,1.332608695652174,9.934782608695652,2856.0,120.0,3,0,18.6957,13.01307142857143,97670.0,33939.28571428572,2471.0,754.5714285714286,2.5299,0.9221857142857144,0.0904,0.0407285714285714,0.0036,0.0019714285714285,2453.0,756.8571428571429,5647.1429,6486.571471428571,75.4286,88.73471428571429,1.3357,1.3651285714285712,16666.0,7142.857142857143
170,2026-07-17,Friday,1.0,7.76,82011.0,61269.0,1086.0,1061.0,0.0,1.0,football fun,Profile and Page visits,0.0946,0.0071,1.3242,1.0,1.0,9.8657,5647.1429,75.4286,0.1308,1.3357,2026-07-13,0.0,0.0,0,0.0,,,17.6257,0.0,0,,1,Movie.af,12000,26.0,14.0,7.0,9.0,17.0,929.8846153846154,3.230769230769231,24177.0,0.0,0.0,14.0,23.0,3.0,1427.928571428571,348.8333333333333,1118.8461538461538,1022.6390646968156,543.6810995272533,410.8909593447466,2.6153846153846154,2.371603943032514,0.0512820512820512,0.0495756386333894,1.0256410256410255,1.8471365249480836,8.974358974358974,11.78162515031816,0.9487179487179488,0.9141554393834028,0.6666666666666666,0.6377138319387559,28,0.0,0.0,0.0,0.0,0.0,1.0,0.0,0.0,7066,40.0,46.0,61.3,457.0,6.0,1.332608695652174,9.934782608695652,2857.0,120.0,4,1,9.8657,13.011228571428571,0.0,33939.28571428572,0.0,754.5714285714286,0.0,0.9221857142857144,0.0,0.0407285714285714,0.0,0.0019714285714285,0.0,756.8571428571429,5647.1429,6276.714328571427,75.4286,85.40818571428572,1.3357,1.3577714285714286,0.0,7142.857142857143
171,2026-07-18,Saturday,1.0,13.53,100472.0,68072.0,1991.0,1954.0,0.0,1.0,football fun,Profile and Page visits,0.1347,0.0068,1.9816,1.0,1.0,9.8657,5647.1429,75.4286,0.1308,1.3357,2026-07-13,0.0,0.0,0,0.0,,,23.3957,0.0,0,,1,Movie.af,12000,36.0,21.0,4.0,10.0,26.0,673.8611111111111,4.5,24376.0,117.0,3.0,19.0,31.0,5.0,986.1052631578948,324.88235294117646,916.9230769230768,1024.5095346523915,377.5602175602176,413.56622852001584,2.1923076923076925,2.3990764705050416,0.0,0.0404570975999548,0.0,1.6738842453128249,12.961538461538462,12.23813672385101,0.8846153846153846,0.906790463933321,0.5384615384615384,0.6264910122052979,22,0.0,0.0,0.0,0.0,0.0,70.0,0.0,0.0,7088,40.0,46.0,61.3,457.0,6.0,1.332608695652174,9.934782608695652,2927.0,120.0,5,1,17.6257,14.117957142857142,82011.0,45655.142857142855,1086.0,909.7142857142856,1.3242,1.111357142857143,0.0946,0.0542428571428571,0.0071,0.0029857142857142,1061.0,908.4285714285714,5647.1429,6066.857185714286,75.4286,82.08165714285714,1.3357,1.3504142857142856,0.0,7142.857142857143
172,2026-07-19,Sunday,1.0,13.82,103783.0,69993.0,2005.0,2024.0,0.0,1.0,football fun,Profile and Page visits,0.1332,0.0069,1.9319,1.0,1.0,9.8657,5647.1429,75.4286,0.1308,1.3357,2026-07-13,0.0,0.0,0,0.0,,,23.6857,0.0,0,,1,Movie.af,12000,40.0,18.0,10.0,15.0,25.0,825.7,3.925,33196.0,168.0,3.0,21.0,29.0,11.0,1252.857142857143,353.57894736842104,665.8333333333334,970.7238203666776,210.72812372812373,372.0009340261499,2.138888888888889,2.3903463117748838,0.0833333333333333,0.0428380499809072,3.25,1.1032493246779045,11.27777777777778,12.928612914327202,0.9444444444444444,0.9242507813936384,0.5277777777777778,0.6193481550624408,30,0.0,0.0,0.0,0.0,0.0,90.0,0.0,0.0,7118,40.0,46.0,61.3,457.0,6.0,1.332608695652174,9.934782608695652,3017.0,120.0,6,0,23.3957,16.04897142857143,100472.0,60008.28571428572,1991.0,1194.142857142857,1.9816,1.394442857142857,0.1347,0.0734857142857142,0.0068,0.0039571428571428,1954.0,1187.571428571429,5647.1429,5857.000042857143,75.4286,78.75512857142859,1.3357,1.343057142857143,0.0,7142.857142857143
173,2026-07-20,Monday,0.0,0.0,0.0,0.0,0.0,0.0,0.0,0.0,,,0.0,0.0,0.0,1.0,1.0,2.8114,994.5714,13.4286,0.2094,1.3502,2026-07-20,0.0,0.0,0,0.0,,,2.8114,0.0,0,,1,Movie.af,12000,28.0,11.0,8.0,4.0,24.0,845.8571428571429,3.1785714285714284,23945.0,261.0,7.0,15.0,21.0,7.0,1270.1333333333334,356.3076923076923,821.25,954.4125958768816,281.5891025641025,384.2938453665102,2.175,2.2724891689177404,0.075,0.0535523356951929,4.2,1.703249324677904,8.65,12.294939444939445,0.9,0.9181283324140468,0.525,0.6045522366950938,17,2.0,0.0,20.0,0.0,2.0,0.0,0.0,1.0,7135,42.0,48.0,61.3,477.0,6.0,1.2770833333333331,9.9375,3017.0,120.0,0,0,23.6857,18.02141428571429,103783.0,74834.42857142857,2005.0,1480.571428571429,1.9319,1.6704285714285714,0.1332,0.0925142857142857,0.0069,0.0049428571428571,2024.0,1476.7142857142858,5647.1429,5647.1429,75.4286,75.4286,1.3357,1.3357,0.0,7142.857142857143
174,2026-07-21,Tuesday,0.0,0.0,0.0,0.0,0.0,0.0,0.0,0.0,,,0.0,0.0,0.0,1.0,1.0,2.8114,994.5714,13.4286,0.2094,1.3502,2026-07-20,0.0,0.0,0,0.0,,,2.8114,0.0,0,,1,Movie.af,12000,12.0,6.0,1.0,3.0,9.0,800.3333333333334,3.5,9691.0,87.0,3.0,7.0,11.0,1.0,1187.7142857142858,258.0,808.2142857142857,935.341167305453,363.32946815089673,383.63059478489225,2.071428571428572,2.2296320260605973,0.25,0.0811033561033561,9.321428571428571,2.8389636103921894,46.96428571428572,17.74698026126598,1.0,0.9303732303732304,0.5357142857142857,0.5872052979195835,19,0.0,0.0,0.0,0.0,0.0,39.0,0.0,0.0,7154,42.0,48.0,61.3,477.0,6.0,1.2770833333333331,9.9375,3056.0,120.0,1,0,2.8114,16.165085714285713,0.0,67220.85714285714,0.0,1346.0,0.0,1.4179285714285714,0.0,0.0765857142857142,0.0,0.0040428571428571,0.0,1335.7142857142858,994.5714,4982.489828571429,13.4286,66.57145714285716,1.3502,1.3377714285714288,0.0,4761.857142857143
175,2026-07-22,Wednesday,0.0,0.0,0.0,0.0,0.0,0.0,0.0,0.0,,,0.0,0.0,0.0,1.0,1.0,2.8114,994.5714,13.4286,0.2094,1.3502,2026-07-20,0.0,0.0,0,0.0,,,2.8114,0.0,0,,1,Movie.af,12000,23.0,13.0,2.0,5.0,18.0,947.4782608695652,2.4782608695652173,21938.0,146.0,5.0,13.0,20.0,3.0,1082.3846153846157,772.1,798.3333333333334,924.0412960055818,324.88888888888886,363.1457853000828,1.9166666666666667,2.206144252572824,0.25,0.1013736263736264,7.25,3.5781527995813787,9.25,17.13018489447061,0.9166666666666666,0.926190476190476,0.5833333333333334,0.585596546310832,15,0.0,0.0,0.0,0.0,0.0,0.0,0.0,0.0,7169,42.0,48.0,61.3,477.0,6.0,1.2770833333333331,9.9375,3056.0,120.0,2,0,2.8114,14.127328571428572,0.0,54848.0,0.0,1079.0,0.0,1.109657142857143,0.0,0.0647,0.0,0.0034857142857142,0.0,1070.2857142857142,994.5714,4317.836757142857,13.4286,57.71431428571429,1.3502,1.3398428571428571,0.0,2380.8571428571427
176,2026-07-23,Thursday,0.0,0.0,0.0,0.0,0.0,0.0,0.0,0.0,,,0.0,0.0,0.0,1.0,1.0,2.8114,994.5714,13.4286,0.2094,1.3502,2026-07-20,0.0,0.0,0,0.0,,,2.8114,0.0,0,,1,Movie.af,12000,25.0,10.0,6.0,7.0,18.0,984.88,3.24,25033.0,411.0,7.0,15.0,17.0,8.0,1266.7333333333331,562.1,951.304347826087,868.6720758537529,537.1014492753624,376.9826213849779,1.7391304347826086,2.1212581242084347,0.217391304347826,0.1324295269947444,6.3478260869565215,4.484985097718025,2.5217391304347827,14.37138572262796,0.8695652173913043,0.9234299516908212,0.5652173913043478,0.5631672847511356,25,0.0,0.0,0.0,0.0,0.0,0.0,0.0,0.0,7194,42.0,48.0,61.3,477.0,6.0,1.2770833333333331,9.9375,3056.0,120.0,3,0,2.8114,11.858142857142855,0.0,40895.142857142855,0.0,726.0,0.0,0.7482428571428572,0.0,0.0517857142857142,0.0,0.0029714285714285,0.0,719.8571428571429,994.5714,3653.183685714285,13.4286,48.85717142857143,1.3502,1.3419142857142858,0.0,0.0
177,2026-07-24,Friday,0.0,0.0,0.0,0.0,0.0,0.0,0.0,0.0,,,0.0,0.0,0.0,1.0,1.0,2.8114,994.5714,13.4286,0.2094,1.3502,2026-07-20,0.0,0.0,0,0.0,,,2.8114,0.0,0,,1,Movie.af,12000,53.0,21.0,19.0,7.0,46.0,935.245283018868,4.132075471698113,50007.0,439.0,15.0,30.0,44.0,9.0,1380.5666666666666,354.39130434782606,996.8,851.2369110185881,438.9111111111111,362.0154801826719,2.52,2.107631750582061,0.28,0.1651035196687371,16.44,6.687036379769308,4.52,13.73504872629096,0.8,0.9021845304454,0.6,0.5536434752273262,25,0.0,0.0,0.0,0.0,0.0,0.0,0.0,0.0,7219,42.0,48.0,61.3,477.0,6.0,1.2770833333333331,9.9375,3056.0,120.0,4,1,2.8114,10.850385714285716,0.0,40895.142857142855,0.0,726.0,0.0,0.7482428571428572,0.0,0.0517857142857142,0.0,0.0029714285714285,0.0,719.8571428571429,994.5714,2988.5306142857144,13.4286,40.00002857142857,1.3502,1.3439857142857143,0.0,0.0
178,2026-07-25,Saturday,0.0,0.0,0.0,0.0,0.0,0.0,0.0,0.0,,,0.0,0.0,0.0,1.0,1.0,2.8114,994.5714,13.4286,0.2094,1.3502,2026-07-20,0.0,0.0,0,0.0,,,2.8114,0.0,0,,1,Movie.af,12000,19.0,9.0,2.0,11.0,8.0,1211.157894736842,3.1578947368421053,23022.0,10.0,1.0,16.0,16.0,3.0,1387.625,270.0,935.4716981132076,853.8867140457495,318.6183030805672,353.5952066855789,2.6226415094339623,2.169108010171528,0.2830188679245283,0.2055347865150983,8.283018867924529,7.870324789472812,8.056603773584905,13.034343770869029,1.0,0.9186680469289163,0.5660377358490566,0.5575829319969716,28,0.0,0.0,0.0,0.0,0.0,0.0,0.0,1.0,7247,42.0,48.0,61.3,477.0,6.0,1.2770833333333331,9.9375,3056.0,120.0,5,1,2.8114,8.734057142857143,0.0,29179.285714285717,0.0,570.8571428571429,0.0,0.5590714285714286,0.0,0.0382714285714285,0.0,0.0019571428571428,0.0,568.2857142857143,994.5714,2323.877542857143,13.4286,31.142885714285715,1.3502,1.346057142857143,0.0,0.0
179,2026-07-26,Sunday,0.0,0.0,0.0,0.0,0.0,0.0,0.0,0.0,,,0.0,0.0,0.0,1.0,1.0,2.8114,994.5714,13.4286,0.2094,1.3502,2026-07-20,1.0,7500.0,0,284000.0,Parisa life post 2,,2.8114,7500.0,1,Parisa life post 2,1,Movie.af,12000,38.0,19.0,4.0,9.0,29.0,1074.578947368421,4.342105263157895,40930.0,96.0,3.0,29.0,36.0,2.0,1317.5172413793102,291.77777777777777,1203.157894736842,930.6473656748224,613.4565580618213,411.12784016182144,2.421052631578948,2.209417116270108,0.0526315789473684,0.2011488216028176,0.5263157894736842,7.481227045111908,8.526315789473685,12.641277772539867,0.8947368421052632,0.911566960880462,0.8421052631578947,0.6024868584798454,35,0.0,0.0,0.0,0.0,0.0,0.0,0.0,0.0,7282,42.0,48.0,61.3,477.0,6.0,1.2770833333333331,9.9375,3056.0,120.0,6,0,2.8114,5.793442857142857,0.0,14826.142857142857,0.0,286.42857142857144,0.0,0.2759857142857143,0.0,0.0190285714285714,0.0,0.0009857142857142,0.0,289.1428571428572,994.5714,1659.2244714285714,13.4286,22.285742857142854,1.3502,1.3481285714285711,0.0,0.0
180,2026-07-27,Monday,0.0,0.0,0.0,0.0,0.0,0.0,0.0,0.0,,,0.0,0.0,0.0,1.0,1.0,0.0,0.0,0.0,0.0,0.0,2026-07-27,0.0,0.0,0,0.0,,,0.0,0.0,1,Parisa life post 2,1,Movie.af,12000,36.0,15.0,4.0,11.0,25.0,977.3333333333334,4.861111111111111,35184.0,0.0,0.0,25.0,29.0,7.0,1196.68,478.8181818181818,1073.157894736842,966.6342077800856,356.0057094608178,421.7587840042093,2.6578947368421053,2.278402078676123,0.0789473684210526,0.2017127313772537,2.526315789473684,7.242129300751007,3.947368421052632,11.969473261261674,0.9473684210526316,0.918333878173695,0.7631578947368421,0.6365094148708229,27,0.0,0.0,0.0,0.0,0.0,0.0,0.0,0.0,7309,42.0,48.0,61.3,477.0,6.0,1.2770833333333331,9.9375,3056.0,120.0,0,0,2.8114,2.8114,0.0,0.0,0.0,0.0,0.0,0.0,0.0,0.0,0.0,0.0,0.0,0.0,994.5714,994.5714,13.4286,13.4286,1.3502,1.3502,0.0,0.0
181,2026-07-28,Tuesday,0.0,0.0,0.0,0.0,0.0,0.0,0.0,0.0,,,0.0,0.0,0.0,0.0,0.0,0.0,0.0,0.0,0.0,0.0,,0.0,0.0,0,0.0,,,0.0,0.0,1,Parisa life post 2,1,Movie.af,12000,42.0,21.0,4.0,14.0,28.0,922.1428571428572,4.595238095238095,38755.0,25.0,1.0,30.0,33.0,9.0,1136.8,385.5,971.6666666666666,989.9845479161396,313.510477582846,414.6417853516306,2.555555555555556,2.347563076408549,0.0,0.1659984456629679,0.0,5.910496647689782,5.666666666666667,6.069813397316096,0.8888888888888888,0.9024608623006792,0.6944444444444444,0.6591851518322741,26,0.0,0.0,0.0,0.0,0.0,0.0,0.0,0.0,7335,42.0,48.0,61.3,477.0,6.0,1.2770833333333331,9.9375,3056.0,120.0,1,0,0.0,2.4097714285714287,0.0,0.0,0.0,0.0,0.0,0.0,0.0,0.0,0.0,0.0,0.0,0.0,0.0,852.4897714285715,0.0,11.51022857142857,0.0,1.1573142857142855,0.0,0.0
182,2026-07-29,Wednesday,0.0,0.0,0.0,0.0,0.0,0.0,0.0,0.0,,,0.0,0.0,0.0,0.0,0.0,0.0,0.0,0.0,0.0,0.0,,0.0,0.0,0,0.0,,,0.0,0.0,0,,1,Movie.af,12000,31.0,17.0,4.0,12.0,19.0,1059.758064516129,4.451612903225806,32939.0,86.5,3.0,19.0,30.0,1.0,1464.842105263158,418.375,917.2380952380952,1006.970942473963,350.82921562564417,418.3475463140242,2.6904761904761907,2.458107294095624,0.0238095238095238,0.1336855204928999,0.5952380952380952,4.959816375580938,5.5,5.534099111601811,0.8571428571428571,0.8939574609401351,0.7142857142857143,0.6778926348254715,37,0.0,0.0,0.0,0.0,0.0,0.0,0.0,0.0,7372,42.0,48.0,61.3,477.0,6.0,1.2770833333333331,9.9375,3056.0,120.0,2,0,0.0,2.008142857142857,0.0,0.0,0.0,0.0,0.0,0.0,0.0,0.0,0.0,0.0,0.0,0.0,0.0,710.4081428571428,0.0,9.591857142857142,0.0,0.9644285714285716,0.0,0.0
183,2026-07-30,Thursday,0.0,0.0,0.0,0.0,0.0,0.0,0.0,0.0,,,0.0,0.0,0.0,0.0,0.0,0.0,0.0,0.0,0.0,0.0,,0.0,0.0,0,0.0,,,0.0,0.0,0,,1,Movie.af,12000,24.0,11.0,4.0,9.0,15.0,885.125,3.875,21259.0,16.0,1.0,18.0,22.0,2.0,1098.2777777777778,245.66666666666663,1058.0645161290322,1022.2223950886694,299.13624010398206,384.3525164323984,3.225806451612903,2.6704895822142376,0.0967741935483871,0.1164545046644086,2.790322580645161,4.451601588965031,4.483870967741935,5.814403659788546,0.935483870967742,0.9033744114510548,0.6129032258064516,0.6847048968972006,37,0.0,0.0,0.0,0.0,0.0,0.0,0.0,0.0,7409,42.0,48.0,61.3,477.0,6.0,1.2770833333333331,9.9375,3056.0,120.0,3,0,0.0,1.6065142857142856,0.0,0.0,0.0,0.0,0.0,0.0,0.0,0.0,0.0,0.0,0.0,0.0,0.0,568.3265142857143,0.0,7.673485714285714,0.0,0.7715428571428572,0.0,0.0
184,2026-07-31,Friday,0.0,0.0,0.0,0.0,0.0,0.0,0.0,0.0,,,0.0,0.0,0.0,0.0,0.0,0.0,0.0,0.0,0.0,0.0,,0.0,0.0,0,0.0,,,0.0,0.0,0,,1,Movie.af,12000,44.0,20.0,7.0,15.0,29.0,1307.0227272727273,4.818181818181818,57534.0,25.0,1.0,32.0,36.0,8.0,1451.8125,920.9166666666666,883.75,1006.0723950886694,288.9553571428572,362.9302658655051,2.375,2.649775296499952,0.0416666666666666,0.0824068856167896,0.6666666666666666,2.198268255631697,2.0416666666666665,5.460356040740927,0.9166666666666666,0.9200410781177214,0.75,0.706133468325772,31,0.0,0.0,0.0,0.0,0.0,0.0,0.0,0.0,7440,42.0,48.0,61.3,477.0,6.0,1.2770833333333331,9.9375,3056.0,120.0,4,1,0.0,1.2048857142857143,0.0,0.0,0.0,0.0,0.0,0.0,0.0,0.0,0.0,0.0,0.0,0.0,0.0,426.2448857142858,0.0,5.755114285714285,0.0,0.5786571428571429,0.0,0.0
